MINERAL,GROUP,F,Na,Mg,Al,Si,P,S,Cl,K,Ca,Ti,Cr,Mn,Fe
Albite,Feldspar,5.806451613,25.16129032,0,18.06451613,47.74193548,0,1.290322581,0,1.290322581,0.64516129,0,0,0,0
Albite,Feldspar,1.19760479,24.5508982,0,19.76047904,52.69461078,0,0.598802395,0,1.19760479,0,0,0,0,0
Albite,Feldspar,4.724409449,25.98425197,0,18.8976378,48.81889764,0,0.787401575,0,0.787401575,0,0,0,0,0
Albite,Feldspar,3.555555556,26.66666667,0,18.22222222,48.44444444,0,1.777777778,0,1.333333333,0,0,0,0,0
Albite,Feldspar,0,19.73244147,0,20.40133779,57.85953177,0,0.668896321,0,1.003344482,0.334448161,0,0,0,0
Albite,Feldspar,1.877934272,22.53521127,0,19.71830986,53.99061033,0,0.938967136,0,0.938967136,0,0,0,0,0
Albite,Feldspar,4,26.22222222,0,18.22222222,47.55555556,0.444444444,2.222222222,0,1.333333333,0,0,0,0,0
Albite,Feldspar,5.607476636,26.1682243,0,18.69158879,46.72897196,0,1.869158879,0,0.934579439,0,0,0,0,0
Albite,Feldspar,2.97029703,25.74257426,0,18.81188119,50.4950495,0,0.99009901,0,0.99009901,0,0,0,0,0
Albite,Feldspar,5.701754386,27.63157895,0,17.54385965,45.1754386,0.438596491,2.192982456,0,1.315789474,0,0,0,0,0
Albite,Feldspar,4.191616766,26.34730539,0,18.56287425,48.50299401,0,1.19760479,0,1.19760479,0,0,0,0,0
Albite,Feldspar,8.163265306,27.04081633,1.020408163,16.83673469,42.85714286,0.510204082,1.530612245,0.510204082,1.530612245,0,0,0,0,0
Albite,Feldspar,5.813953488,26.1627907,0.581395349,18.02325581,45.93023256,0.581395349,1.162790698,0.581395349,1.162790698,0,0,0,0,0
Albite,Feldspar,3.333333333,24.16666667,0.416666667,18.75,50,0.416666667,0.833333333,0.416666667,1.25,0.416666667,0,0,0,0
Albite,Feldspar,2.230483271,23.79182156,0,19.33085502,52.41635688,0.371747212,0.743494424,0,1.115241636,0,0,0,0,0
Albite,Feldspar,6.542056075,25.23364486,0.46728972,17.75700935,45.79439252,0.46728972,1.401869159,0.46728972,1.401869159,0.46728972,0,0,0,0
Albite,Feldspar,5.154639175,25.77319588,0.515463918,18.04123711,47.42268041,0.515463918,1.030927835,0.515463918,1.030927835,0,0,0,0,0
Albite,Feldspar,0,22.52747253,0,20.32967033,55.49450549,0,0.549450549,0,1.098901099,0,0,0,0,0
Albite,Feldspar,1.724137931,23.70689655,0,19.39655172,52.15517241,0.431034483,0.862068966,0.431034483,1.293103448,0,0,0,0,0
Albite,Feldspar,0.689655172,23.10344828,0,19.65517241,53.79310345,0.344827586,0.689655172,0.344827586,1.379310345,0,0,0,0,0
Albite,Feldspar,4.6875,26.04166667,0,18.22916667,47.91666667,0.520833333,1.041666667,0.520833333,1.041666667,0,0,0,0,0
Albite,Feldspar,0.427350427,23.93162393,0.427350427,19.23076923,52.99145299,0.427350427,0.854700855,0.427350427,1.282051282,0,0,0,0,0
Albite,Feldspar,2.259887006,22.59887006,0,19.7740113,53.10734463,0.564971751,0.564971751,0,1.129943503,0,0,0,0,0
Albite,Feldspar,0,19.85294118,0,20.22058824,56.98529412,0.367647059,0.367647059,0,1.470588235,0.367647059,0.367647059,0,0,0
Albite,Feldspar,3.585657371,25.89641434,0.398406375,18.32669323,48.60557769,0.398406375,1.195219124,0.398406375,1.195219124,0,0,0,0,0
Albite,Feldspar,3.731343284,24.25373134,0.373134328,18.65671642,49.25373134,0.373134328,1.119402985,0.373134328,1.492537313,0.373134328,0,0,0,0
Albite,Feldspar,5.555555556,26.38888889,0,18.05555556,47.22222222,0.462962963,0.925925926,0.462962963,0.925925926,0,0,0,0,0
Albite,Feldspar,3.664921466,24.60732984,0.523560209,18.84816754,49.21465969,0.523560209,1.047120419,0.523560209,1.047120419,0,0,0,0,0
Albite,Feldspar,1.550387597,22.86821705,0,19.76744186,53.10077519,0.387596899,0.775193798,0.387596899,1.162790698,0,0,0,0,0
Albite,Feldspar,1.492537313,22.88557214,0,19.90049751,53.73134328,0.497512438,0.497512438,0,0.995024876,0,0,0,0,0
Albite,Feldspar,3.0651341,24.5210728,0.383141762,18.77394636,50.19157088,0.383141762,1.149425287,0.383141762,1.149425287,0,0,0,0,0
Albite,Feldspar,0,20.86092715,0,20.1986755,57.28476821,0,0.331125828,0,1.324503311,0,0,0,0,0
Albite,Feldspar,1.554404145,23.83419689,0,19.68911917,53.36787565,0,0.518134715,0,1.03626943,0,0,0,0,0
Albite,Feldspar,4.87804878,25.20325203,0,18.69918699,49.59349593,0,0.81300813,0,0.81300813,0,0,0,0,0
Albite,Feldspar,2.985074627,24.87562189,0.497512438,18.90547264,49.75124378,0.497512438,0.995024876,0.497512438,0.995024876,0,0,0,0,0
Albite,Feldspar,5.421686747,25.30120482,0.602409639,18.07228916,46.98795181,0.602409639,1.204819277,0.602409639,1.204819277,0,0,0,0,0
Albite,Feldspar,5.240174672,26.20087336,0.436681223,18.34061135,47.16157205,0.436681223,0.873362445,0.436681223,0.873362445,0,0,0,0,0
Albite,Feldspar,5.797101449,26.8115942,0,18.11594203,47.10144928,0.724637681,0.724637681,0,0.724637681,0,0,0,0,0
Albite,Feldspar,0,22.4025974,0,19.80519481,55.19480519,0.324675325,0.649350649,0.324675325,1.298701299,0,0,0,0,0
Albite,Feldspar,7.746478873,26.05633803,0.704225352,17.6056338,43.66197183,0.704225352,1.408450704,0.704225352,1.408450704,0,0,0,0,0
Albite,Feldspar,1.167315175,23.3463035,0,19.45525292,53.69649805,0.389105058,0.778210117,0,1.167315175,0,0,0,0,0
Albite,Feldspar,4.838709677,25,0.403225806,18.14516129,47.17741935,0.806451613,1.209677419,0.403225806,1.612903226,0.403225806,0,0,0,0
Albite,Feldspar,0.714285714,22.85714286,0,19.64285714,53.92857143,0.357142857,0.714285714,0.357142857,1.428571429,0,0,0,0,0
Albite,Feldspar,1.321585903,24.22907489,0,19.82378855,53.30396476,0,0.440528634,0,0.881057269,0,0,0,0,0
Albite,Feldspar,1.923076923,25,0.641025641,19.23076923,50.64102564,0.641025641,0.641025641,0,1.282051282,0,0,0,0,0
Albite,Feldspar,0,17.56097561,0,20.48780488,58.04878049,0,0.487804878,0,1.463414634,0.487804878,0.487804878,0.487804878,0.487804878,0
Albite,Feldspar,0,18.24104235,0,20.52117264,58.30618893,0,0.325732899,0.325732899,1.302931596,0.325732899,0.325732899,0.325732899,0,0
Albite,Feldspar,0.790513834,22.52964427,0,19.76284585,54.54545455,0.395256917,0.395256917,0,1.185770751,0.395256917,0,0,0,0
Albite,Feldspar,0,23.76237624,0,20.2970297,53.96039604,0,0.495049505,0,0.99009901,0,0,0,0,0.495049505
Albite,Feldspar,2.173913043,23.91304348,0.434782609,19.13043478,50.86956522,0.434782609,0.869565217,0.434782609,1.304347826,0.434782609,0,0,0,0
Albite,Feldspar,0,22.61484099,0,20.14134276,55.12367491,0.35335689,0.706713781,0,1.060070671,0,0,0,0,0
Albite,Feldspar,0,18.46153846,0,21.53846154,58.46153846,0,0,0,1.538461538,0,0,0,0,0
Albite,Feldspar,0,19.31818182,0,20.45454545,56.81818182,0,0.568181818,0,1.136363636,0.568181818,0.568181818,0.568181818,0,0
Albite,Feldspar,0,20.75471698,0,23.58490566,54.71698113,0,0,0,0.943396226,0,0,0,0,0
Albite,Feldspar,2.564102564,25.21367521,0,18.8034188,50.42735043,0.427350427,0.854700855,0.427350427,1.282051282,0,0,0,0,0
Albite,Feldspar,1.694915254,23.72881356,0.564971751,19.20903955,51.97740113,0.564971751,0.564971751,0.564971751,1.129943503,0,0,0,0,0
Albite,Feldspar,6.52173913,26.08695652,0,17.39130435,43.47826087,2.173913043,2.173913043,0,2.173913043,0,0,0,0,0
Albite,Feldspar,0.877192982,23.24561404,0,19.73684211,53.94736842,0.438596491,0.877192982,0,0.877192982,0,0,0,0,0
Albite,Feldspar,0,23.71134021,0,20.6185567,54.63917526,0,0,0,1.030927835,0,0,0,0,0
Albite,Feldspar,1.587301587,22.22222222,0,19.84126984,53.17460317,0,0.793650794,0,1.587301587,0.793650794,0,0,0,0
Albite,Feldspar,0,18.18181818,0,20.70707071,58.08080808,0,0,0,1.515151515,0.505050505,0.505050505,0.505050505,0,0
Apatite,Apatite,17.21721722,2.202202202,0.1001001,0,0.2002002,27.62762763,0.1001001,0.600600601,0,51.25125125,0.2002002,0.1001001,0.3003003,0.1001001
Apatite,Apatite,13.18681319,0.599400599,0,0,0.0999001,28.57142857,0.1998002,0.699300699,0,55.24475524,0.1998002,0.3996004,0.699300699,0.0999001
Apatite,Apatite,5.6,0.1,0,0.2,0.3,30,0,0.2,0,62.1,0.3,0.4,0.6,0.2
Apatite,Apatite,11.0667996,0.498504487,0,0,0.299102692,29.31206381,0.199401795,0.697906281,0,56.43070788,0.199401795,0.398803589,0.797607178,0.099700897
Apatite,Apatite,11.01101101,0.3003003,0,0,0.1001001,30.23023023,0.1001001,0.600600601,0,56.95695696,0.1001001,0.2002002,0.4004004,0
Apatite,Apatite,11.8,3.6,1.1,0.8,0.7,27.8,0.3,0.9,0,52,0.2,0.2,0.5,0.1
Apatite,Apatite,7.2,0.8,0.2,0.5,0.9,29.6,0.3,1,0,58.1,0.2,0.4,0.7,0.1
Apatite,Apatite,2.2,0,0,0.1,0,15.1,0,0.2,1,80.2,0.2,0.6,0.1,0.3
Apatite,Apatite,6.293706294,0,0,0,0.0999001,29.87012987,0.0999001,0.4995005,0,62.53746254,0.0999001,0.2997003,0.1998002,0
Apatite,Apatite,15.11511512,0.900900901,0,0,0.1001001,28.42842843,0.1001001,0.600600601,0,53.65365365,0.2002002,0.3003003,0.600600601,0
Apatite,Apatite,0,0,0,0,0,12.6,0,0,0.3,85.9,0.2,0.6,0.2,0.2
Apatite,Apatite,8.617234469,0,0,0,0.100200401,29.65931864,0.100200401,0.601202405,0,60.42084168,0.100200401,0.200400802,0.200400802,0
Apatite,Apatite,2.202202202,0,0,0,0.1001001,27.52752753,0.1001001,0.4004004,0.1001001,69.26926927,0.1001001,0.2002002,0,0
Apatite,Apatite,5.2,0,0,0,0,24.2,0,0.3,0,69.9,0.2,0.2,0,0
Apatite,Apatite,7.4,0,0,0,0.3,29.5,0.3,0.7,0,60.6,0.2,0.4,0.5,0.1
Apatite,Apatite,8.191808192,0,0,0,0.2997003,28.07192807,0.0999001,0.599400599,0,61.83816184,0.1998002,0.3996004,0.2997003,0
Apatite,Apatite,1.19760479,0,0,0,0,24.25149701,0,0.299401198,0.199600798,73.25349301,0.199600798,0.399201597,0.099800399,0.099800399
Apatite,Apatite,13.2,0.3,0,0,0.4,28.7,0.1,0.5,0,56.1,0.1,0.2,0.4,0
Apatite,Apatite,11.78821179,0.4995005,0,0,0.0999001,29.77022977,0.1998002,0.599400599,0,56.04395604,0.1998002,0.1998002,0.599400599,0
Apatite,Apatite,9.9,0.2,0,0,0.2,29.8,0.3,0.6,0,57.7,0.2,0.4,0.6,0.1
Apatite,Apatite,7.707707708,0,0,0,0.2002002,30.23023023,0.1001001,0.600600601,0,60.96096096,0.1001001,0.1001001,0,0
Apatite,Apatite,9.50950951,0.1001001,0,0,0.3003003,29.52952953,0.2002002,0.600600601,0,58.85885886,0.1001001,0.3003003,0.500500501,0
Apatite,Apatite,10.68931069,0.799200799,0,0.1998002,0.3996004,29.47052947,0.1998002,0.699300699,0,55.94405594,0.1998002,0.3996004,0.899100899,0.0999001
Apatite,Apatite,8.5,0.1,0,0,0.2,29.7,0.2,0.6,0,60.2,0.1,0.2,0.2,0
Apatite,Apatite,8.4,0,0,0,0.2,30.1,0.1,0.6,0,60,0.1,0.3,0.2,0
Apatite,Apatite,3.3,0,0,0,0.2,27.8,0.3,0.6,0.1,66.2,0.3,0.6,0.5,0.1
Apatite,Apatite,10.6,0.1,0,0,0.1,29.4,0.1,0.6,0,58.3,0.2,0.2,0.4,0
Apatite,Apatite,8.4,0,0,0,0.2,29.8,0.2,0.6,0,60.1,0.1,0.3,0.3,0
Apatite,Apatite,10.91091091,0.2002002,0,0,0.1001001,29.92992993,0.1001001,0.600600601,0,57.45745746,0.1001001,0.3003003,0.3003003,0
Apatite,Apatite,7.6,0.1,0,0,0.2,30.7,0.1,0.6,0,60.1,0.1,0.3,0.2,0
Apatite,Apatite,9.70970971,0.2002002,0,0.1001001,0.3003003,29.52952953,0.3003003,0.700700701,0,58.55855856,0.1001001,0.3003003,0.2002002,0
Apatite,Apatite,9.50950951,0.1001001,0,0,0.2002002,29.52952953,0.3003003,0.600600601,0,58.55855856,0.2002002,0.4004004,0.600600601,0
Apatite,Apatite,10.61061061,0.2002002,0,0,0.2002002,29.32932933,0.1001001,0.700700701,0,58.25825826,0.1001001,0.2002002,0.3003003,0
Apatite,Apatite,5.494505495,0,0,0.0999001,0.3996004,28.37162837,0.2997003,0.599400599,0,63.93606394,0.1998002,0.2997003,0.1998002,0.0999001
Apatite,Apatite,9.2,0.2,0,0,0.2,29.2,0.3,0.7,0,59,0.2,0.4,0.6,0
Apatite,Apatite,2.2,0,0,0,0.1,29.2,0.1,0.6,0,67,0.1,0.4,0.2,0.1
Apatite,Apatite,4.5,0,0,0.1,0.3,28.1,0.3,0.7,0.2,63.9,0.5,0.8,0.5,0.1
Apatite,Apatite,9.89010989,0.2997003,0,0,0.1998002,29.57042957,0.2997003,0.599400599,0,58.24175824,0.1998002,0.2997003,0.3996004,0
Augite,Pyroxene,0,0.899100899,16.18381618,7.692307692,43.25674326,0.0999001,0.599400599,0,0.0999001,23.57642358,1.098901099,0.0999001,0,6.393606394
Augite,Pyroxene,0,3.1,12.1,13.8,45,0.6,0.2,0,1.3,9.5,1.8,0.1,0.3,12.2
Augite,Pyroxene,0,0.4,15.4,5.5,43.9,0,0.2,0,0,26.4,1.1,0.1,0.1,6.9
Augite,Pyroxene,0,1.3,15.6,8.3,43.1,0.9,0.2,0,0.3,8.6,2.8,0.1,0.2,18.6
Augite,Pyroxene,0,0.900900901,16.51651652,6.706706707,42.34234234,1.101101101,1.201201201,0,0.3003003,24.02402402,1.001001001,0.2002002,0,5.705705706
Augite,Pyroxene,0,0.4,17.6,5.5,44.8,0.2,0.4,0,0,24.3,0.4,0,0,6.4
Augite,Pyroxene,0,0.799200799,17.78221778,6.893106893,43.85614386,0.1998002,0.1998002,0,0,23.07692308,1.098901099,0.0999001,0.0999001,5.894105894
Augite,Pyroxene,0,0.1001001,4.904904905,3.103103103,18.21821822,0,0,0.2002002,1.101101101,42.84284284,3.403403403,1.701701702,1.901901902,22.52252252
Augite,Pyroxene,0,0.5,16.5,4.4,45,0.1,0.7,0,0.2,25.4,0.9,0.1,0,6.2
Augite,Pyroxene,0,0.0999001,13.88611389,5.094905095,40.05994006,0.0999001,0,0.0999001,0.2997003,30.36963037,1.498501499,0.3996004,0.2997003,7.792207792
Augite,Pyroxene,0,0.501002004,15.93186373,6.112224449,42.68537074,0,0.400801603,0,0.100200401,26.65330661,1.102204409,0.100200401,0,6.412825651
Augite,Pyroxene,0,0.0999001,12.08791209,4.295704296,33.86613387,0,0,0.1998002,1.198801199,30.46953047,2.197802198,0.799200799,0.899100899,13.88611389
Augite,Pyroxene,0,0.099800399,10.47904192,4.391217565,33.13373253,0,0.099800399,0.099800399,0.598802395,35.22954092,2.49500998,0.798403194,0.698602794,11.8762475
Augite,Pyroxene,0,0.699300699,7.092907093,3.396603397,20.17982018,0,0,0.1998002,1.198801199,42.35764236,2.897102897,1.398601399,1.498501499,19.08091908
Augite,Pyroxene,0,0.601202405,17.13426854,4.709418838,44.38877756,0.400801603,0.100200401,0,0,25.75150301,0.901803607,0.100200401,0.100200401,5.811623246
Augite,Pyroxene,0,0.3,14.9,5.6,42.7,0,0.3,0,0.1,27.3,1.3,0.1,0,7.4
Augite,Pyroxene,0,0.501002004,16.33266533,5.811623246,43.78757515,0,0.501002004,0,0.200400802,25.1503006,1.102204409,0.400801603,0.100200401,6.112224449
Augite,Pyroxene,0,0.2,14.6,5,43.5,0,0.2,0,0.1,27.8,1.2,0.1,0,7.3
Augite,Pyroxene,0,0.8,16.7,6,43.3,0.1,0.5,0,0.1,25,1.1,0.1,0,6.3
Augite,Pyroxene,0,0.199600798,11.9760479,5.189620758,38.32335329,0,0.099800399,0.199600798,0.499001996,30.73852295,2.095808383,0.598802395,0.499001996,9.580838323
Augite,Pyroxene,0,1.598401598,16.88311688,5.894105894,43.35664336,0.3996004,0.899100899,0,0.0999001,23.07692308,1.098901099,0.0999001,0,6.593406593
Augite,Pyroxene,0,0.800800801,18.11811812,5.105105105,44.64464464,0.1001001,0.700700701,0,0.1001001,23.92392392,0.800800801,0.3003003,0,5.405405405
Augite,Pyroxene,0,1.098901099,16.58341658,5.894105894,42.95704296,0.0999001,0.4995005,0,0.0999001,24.77522478,1.298701299,0.0999001,0.0999001,6.493506494
Augite,Pyroxene,0,0.4,14.6,5.8,42.9,0,0.2,0,0.1,27.1,1.3,0.1,0.1,7.4
Augite,Pyroxene,0,0.4004004,15.01501502,5.605605606,42.74274274,0,0.3003003,0,0.1001001,27.12712713,1.401401401,0.1001001,0.1001001,7.107107107
Augite,Pyroxene,0,1.1,17.3,5.9,44,0.1,0.6,0,0.2,23.2,1.2,0.3,0.1,6
Augite,Pyroxene,0,0.3003003,16.11611612,5.205205205,44.34434434,0,0.3003003,0,0.1001001,26.42642643,0.800800801,0.1001001,0,6.306306306
Augite,Pyroxene,0,0.3003003,12.41241241,5.705705706,38.93893894,0,0.1001001,0,0.4004004,30.23023023,1.801801802,0.4004004,0.3003003,9.409409409
Augite,Pyroxene,0,0.4995005,16.38361638,5.594405594,44.45554446,0,0.599400599,0,0.1998002,25.17482517,0.799200799,0.0999001,0,6.193806194
Augite,Pyroxene,0,0.800800801,15.31531532,6.606606607,43.74374374,0,0.500500501,0,0.2002002,24.72472472,1.101101101,0.1001001,0,6.906906907
Augite,Pyroxene,0,0.1,14.9,4.9,43.1,0,0.2,0,0.2,27.7,1.3,0.4,0.2,7
Augite,Pyroxene,0,0.1,13.7,4.7,41.3,0,0.1,0,0.2,30.4,1.3,0.1,0.1,8
Augite,Pyroxene,0,0.7,16.2,6.2,43.3,0.1,0.5,0,0.2,24.5,1.3,0.4,0.2,6.4
Augite,Pyroxene,0,0.4,15.7,6.3,41.8,0.1,0.3,0,0.1,26.8,1.3,0.1,0.1,7
Augite,Pyroxene,0,0.8,16.5,5.8,43.4,0.1,0.4,0,0.1,25.3,1.1,0.1,0,6.4
Augite,Pyroxene,0,1.1,16.9,6.2,44.4,0.1,0.8,0,0.1,23.8,0.8,0.1,0,5.7
Augite,Pyroxene,0,0.599400599,16.28371628,6.093906094,43.25674326,0,0.599400599,0,0.2997003,24.87512488,1.198801199,0.4995005,0.0999001,6.193806194
Augite,Pyroxene,0,1.1,17,6.4,43.7,0.2,0.7,0,0.1,23.5,1.2,0.1,0,6
Augite,Pyroxene,0,0,4.904904905,2.502502503,21.32132132,0,0.1001001,0.3003003,1.401401401,44.54454454,3.503503504,1.501501502,1.601601602,18.31831832
Augite,Pyroxene,0,0,10.9,4.1,36.4,0,0.1,0.2,0.7,34.2,2.2,0.9,0.6,9.7
Augite,Pyroxene,0.699300699,0.899100899,18.88111888,5.594405594,44.75524476,0.1998002,0.3996004,0,0,22.37762238,0.899100899,0.0999001,0,5.194805195
Augite,Pyroxene,0,0.6,17.4,4.1,44.4,0,0.6,0,0.1,25.7,0.8,0.1,0,6.2
Augite,Pyroxene,0,0.1998002,14.48551449,5.594405594,42.55744256,0,0.0999001,0,0.1998002,27.67232767,1.198801199,0.0999001,0.0999001,7.792207792
Biotite,Mica,3.696303696,0.2997003,17.38261738,11.98801199,36.26373626,0,0.0999001,0,12.08791209,0.0999001,1.698301698,0,0.4995005,15.88411588
Biotite,Mica,4.604604605,0.600600601,19.11911912,12.61261261,35.53553554,0.1001001,0.2002002,0,11.01101101,0,1.401401401,0.1001001,0.4004004,14.31431431
Biotite,Mica,4.695304695,0.599400599,18.98101898,12.58741259,35.46453546,0.0999001,0.0999001,0,10.88911089,0.0999001,1.498501499,0.0999001,0.3996004,14.48551449
Biotite,Mica,3.493013972,0.299401198,16.96606786,11.77644711,36.22754491,0,0.299401198,0,12.6746507,0.199600798,1.796407186,0.099800399,0.499001996,15.66866267
Biotite,Mica,3.907815631,0.100200401,19.03807615,12.5250501,36.9739479,0.100200401,0.100200401,0,11.62324649,0,1.503006012,0,0.300601202,13.82765531
Biotite,Mica,3.803803804,0.4004004,18.81881882,12.51251251,37.03703704,0.1001001,0.1001001,0,11.51151151,0.1001001,1.501501502,0,0.4004004,13.71371371
Biotite,Mica,4.304304304,0.600600601,18.21821822,12.21221221,36.63663664,0.1001001,0.3003003,0,11.21121121,0.1001001,1.501501502,0.1001001,0.4004004,14.31431431
Biotite,Mica,3.996003996,1.398601399,18.58141858,12.28771229,35.26473526,0.4995005,0.1998002,0,10.58941059,0.0999001,1.398601399,0.0999001,0.4995005,15.08491508
Biotite,Mica,3.996003996,0.4995005,18.28171828,12.18781219,36.86313686,0,0.3996004,0,11.68831169,0.0999001,1.598401598,0.0999001,0.3996004,13.88611389
Biotite,Mica,4.3,0.4,17.6,11.9,35.5,0.1,0.3,0,11.8,0.2,1.6,0.1,0.5,15.7
Biotite,Mica,3.811434303,0.300902708,17.85356068,11.93580742,36.50952859,0,0.200601805,0,12.33701103,0.100300903,1.604814443,0,0.401203611,14.9448345
Biotite,Mica,4.386839482,0.398803589,18.3449651,12.36291127,35.59322034,0.099700897,0,0.099700897,11.46560319,0.099700897,1.595214357,0.099700897,0.498504487,14.9551346
Biotite,Mica,4.99001996,1.097804391,19.06187625,12.3752495,36.02794411,0.199600798,0.399201597,0,10.27944112,0.199600798,1.397205589,0.099800399,0.299401198,13.57285429
Biotite,Mica,4.804804805,0.900900901,18.61861862,12.21221221,35.63563564,0.2002002,0.3003003,0,10.91091091,0.2002002,1.501501502,0,0.4004004,14.31431431
Biotite,Mica,4.509018036,0.200400802,18.63727455,12.4248497,35.97194389,0.100200401,0.200400802,0,11.42284569,0.200400802,1.402805611,0,0.400801603,14.52905812
Biotite,Mica,4,0.6,17.8,12.1,35.6,0,0.2,0,11.7,0.2,1.6,0.1,0.5,15.6
Biotite,Mica,4.5,0.9,18.4,12.4,36,0.2,0.2,0,10.4,0.1,1.6,0.1,0.4,14.8
Biotite,Mica,3.8,0.5,18.7,12.5,36.8,0,0.4,0,11.7,0.1,1.5,0,0.4,13.6
Biotite,Mica,4.704704705,0.700700701,18.81881882,12.31231231,36.03603604,0.1001001,0.2002002,0,10.71071071,0.2002002,1.501501502,0.1001001,0.4004004,14.21421421
Biotite,Mica,4.2,0.2,18.2,12.2,36.3,0,0.1,0,11.5,0.1,1.6,0.1,0.4,15.1
Biotite,Mica,4.3,0.7,18.7,12.3,35.8,0.1,0.3,0,11.1,0.2,1.6,0.1,0.4,14.4
Biotite,Mica,4.008016032,0.300601202,19.23847695,12.6252505,37.3747495,0.100200401,0.200400802,0,11.52304609,0,1.402805611,0,0.300601202,12.9258517
Biotite,Mica,10.51051051,3.803803804,18.31831832,11.81181181,31.63163163,0.900900901,1.401401401,0.2002002,9.109109109,0.3003003,1.101101101,0,0.3003003,10.61061061
Biotite,Mica,3.992015968,0.499001996,19.06187625,12.5748503,37.1257485,0.099800399,0.299401198,0,11.27744511,0.099800399,1.497005988,0.099800399,0.399201597,12.9740519
Biotite,Mica,4.704704705,0.600600601,18.81881882,12.61261261,35.53553554,0,0,0,10.81081081,0,1.601601602,0.1001001,0.4004004,14.81481481
Biotite,Mica,4.9,0.7,18.6,12.5,35.5,0.1,0.3,0,10.6,0.2,1.5,0.1,0.4,14.6
Biotite,Mica,4.108216433,0.501002004,18.03607214,12.2244489,36.17234469,0,0.200400802,0,11.72344689,0.100200401,1.603206413,0.100200401,0.400801603,14.82965932
Biotite,Mica,3.603603604,0.2002002,17.41741742,12.01201201,36.43643644,0,0.1001001,0,12.11211211,0.1001001,1.701701702,0.1001001,0.500500501,15.71571572
Biotite,Mica,4.495504496,0.599400599,19.08091908,12.58741259,36.66333666,0.0999001,0.2997003,0,11.08891109,0.0999001,1.398601399,0.0999001,0.3996004,13.08691309
Biotite,Mica,4.004004004,0.500500501,18.31831832,12.41241241,36.93693694,0,0.4004004,0,11.51151151,0.1001001,1.601601602,0.1001001,0.4004004,13.71371371
Biotite,Mica,4.104104104,0.3003003,18.81881882,12.41241241,36.83683684,0.1001001,0.1001001,0,11.71171171,0,1.501501502,0.1001001,0.4004004,13.61361361
Biotite,Mica,3.9,0.2,18.6,12.5,36.6,0.1,0.1,0,11.8,0,1.6,0.1,0.4,14.1
Biotite,Mica,4,0.5,19.1,12.6,36.9,0.1,0.2,0,11.3,0.1,1.5,0.1,0.3,13.3
Biotite,Mica,5.01002004,0.801603206,19.83967936,12.6252505,36.77354709,0,0.200400802,0,10.42084168,0,1.30260521,0,0.300601202,12.7254509
Biotite,Mica,4,0.4,18.3,12.4,37.1,0,0.4,0,11.9,0.1,1.6,0.1,0.4,13.3
Biotite,Mica,3.203203203,0.1001001,16.81681682,12.91291291,38.73873874,0,0.3003003,0,10.91091091,0.500500501,1.901901902,0,0.4004004,14.21421421
Biotite,Mica,4.004004004,0.4004004,18.61861862,12.31231231,36.63663664,0,0.3003003,0,11.91191191,0.1001001,1.501501502,0.1001001,0.4004004,13.71371371
Biotite,Mica,3.603603604,0.4004004,17.81781782,12.21221221,36.63663664,0,0.3003003,0,12.31231231,0.1001001,1.601601602,0,0.4004004,14.61461461
Biotite,Mica,4.395604396,0.999000999,18.98101898,12.38761239,36.06393606,0.1998002,0.1998002,0,10.58941059,0.0999001,1.498501499,0.0999001,0.3996004,14.08591409
Biotite,Mica,3.096903097,1.298701299,17.08291708,11.68831169,34.26573427,0.3996004,0.3996004,0.0999001,12.08791209,0.3996004,1.798201798,0.0999001,0.599400599,16.68331668
Chlorite,Clay,6.334841629,1.357466063,33.93665158,23.07692308,23.07692308,0.452488688,0.452488688,0,0,0,0,0,0,11.31221719
Chlorite,Clay,2.822580645,0.806451613,34.67741935,24.59677419,24.59677419,0,0.403225806,0,0,0,0,0,0,12.09677419
Chlorite,Clay,8.783783784,1.351351351,31.75675676,21.62162162,24.32432432,0,0.675675676,0,0,0,0,0,0,11.48648649
Chlorite,Clay,2.884615385,0,33.65384615,23.07692308,24.03846154,0,0,0,0,0,0,0,0,16.34615385
Chlorite,Clay,5.555555556,1.111111111,33.33333333,22.22222222,24.44444444,0,0,0,0,0,0,0,0,13.33333333
Chlorite,Clay,22.10526316,4.210526316,26.31578947,16.84210526,18.94736842,1.052631579,1.052631579,0,0,1.052631579,0,0,0,8.421052632
Chlorite,Clay,17.46031746,3.174603175,28.57142857,19.04761905,20.63492063,0,0,0,0,0,0,0,0,11.11111111
Chlorite,Clay,5.555555556,0,33.33333333,23.14814815,23.14814815,0,0,0,0,0,0,0,0,14.81481481
Chlorite,Clay,4.12371134,0,32.98969072,23.71134021,23.71134021,0,0,0,0,0,0,0,0,15.46391753
Chlorite,Clay,10.89108911,1.98019802,31.68316832,21.78217822,21.78217822,0,0,0,0,0,0,0,0,11.88118812
Chlorite,Clay,1.075268817,0,31.1827957,22.58064516,25.80645161,0,0,0,0,0,0,0,0,19.35483871
Chlorite,Clay,9,2,33,22.5,22,0.5,0.5,0,0,0,0,0,0,10.5
Chlorite,Clay,4.87804878,0,34.14634146,21.95121951,24.3902439,0,0,0,0,0,0,0,0,14.63414634
Chlorite,Clay,5.797101449,0,33.33333333,23.1884058,23.1884058,0,0,0,0,0,0,0,0,14.49275362
Chlorite,Clay,5.263157895,0,33.33333333,22.80701754,24.56140351,0,0,0,0,0,0,0,0,14.03508772
Chlorite,Clay,6.666666667,0,34.44444444,23.33333333,22.22222222,0,0,0,0,0,0,0,0,13.33333333
Chlorite,Clay,10.63829787,3.191489362,30.85106383,21.27659574,21.27659574,0.531914894,1.063829787,0.531914894,0.531914894,0,0,0,0,10.10638298
Chlorite,Clay,2.906976744,0.581395349,33.72093023,23.8372093,23.8372093,0,0,0,0,0,0,0,0,15.11627907
Chlorite,Clay,0,0,33.33333333,20.83333333,25,0,0,0,0,0,0,0,0,20.83333333
Chlorite,Clay,1.315789474,0,19.07894737,11.84210526,36.18421053,0,0,0,0.657894737,13.81578947,0,0,0,17.10526316
Chlorite,Clay,1.123595506,0,30.33707865,22.47191011,24.71910112,0,0,0,1.123595506,1.123595506,0,0,0,19.1011236
Chlorite,Clay,12.34567901,1.234567901,32.71604938,21.60493827,21.60493827,0,0,0,0,0,0,0,0,10.49382716
Chlorite,Clay,22.22222222,3.703703704,25.92592593,18.51851852,18.51851852,0,0,0,0,0,0,0,0,11.11111111
Chlorite,Clay,16.66666667,2.380952381,30.95238095,19.04761905,19.04761905,0,0,0,0,0,0,0,0,11.9047619
Chlorite,Clay,18.60465116,2.325581395,30.23255814,18.60465116,18.60465116,0,0,0,0,0,0,0,0,11.62790698
Chlorite,Clay,0,0,29.62962963,22.22222222,25.92592593,0,0,0,0,1.851851852,0,0,0,20.37037037
Chlorite,Clay,11.11111111,3.703703704,25.92592593,22.22222222,25.92592593,0,0,0,0,0,0,0,0,11.11111111
Chlorite,Clay,16.82242991,3.738317757,28.97196262,18.69158879,19.62616822,0.934579439,0.934579439,0,0.934579439,0,0,0,0,9.345794393
Enstatite,Pyroxene,0,0.599400599,27.77222777,0.2997003,47.15284715,0,2.197802198,0.699300699,0.2997003,0.1998002,0,0.0999001,0.1998002,20.47952048
Enstatite,Pyroxene,0,0,40.6,0,52.9,0.2,0.2,0.1,0.1,0.3,0.1,0.1,0.1,5.3
Enstatite,Pyroxene,0,0,40,0.1,53.6,0.1,0,0.1,0.2,0.4,0.1,0.1,0.1,5.2
Enstatite,Pyroxene,0,0.600600601,38.13813814,0.900900901,48.34834835,0.700700701,1.001001001,1.801801802,0.1001001,0,0,0.1001001,0.1001001,8.208208208
Enstatite,Pyroxene,0,0,40.4,0.2,53.4,0.1,0.2,0.1,0.2,0.4,0.1,0.2,0,4.7
Enstatite,Pyroxene,0,0,39.36063936,0.0999001,53.64635365,0,0,0.0999001,0.2997003,0.3996004,0.0999001,0.1998002,0.0999001,5.694305694
Enstatite,Pyroxene,0,0,37.7245509,0.399201597,53.49301397,0,0.598802395,0.099800399,0.399201597,0.499001996,0.099800399,0.199600798,0.099800399,6.387225549
Enstatite,Pyroxene,0,0,38,0.6,52.9,0.2,0.8,0.3,0.5,0.4,0.1,0.2,0.1,5.9
Enstatite,Pyroxene,0,0.700700701,38.53853854,1.201201201,50.65065065,0.900900901,1.401401401,0.500500501,0.600600601,0.3003003,0.1001001,0.1001001,0.1001001,4.904904905
Enstatite,Pyroxene,0,1.4,38,1.6,49.2,1.4,1.4,0.6,0.6,0.4,0,0,0.1,5.3
Enstatite,Pyroxene,0,0,34.26573427,0.899100899,60.73926074,0.699300699,0.999000999,0.3996004,0.599400599,0.1998002,0.0999001,0.0999001,0,0.999000999
Enstatite,Pyroxene,0,0,37.56243756,0.599400599,52.44755245,0.2997003,1.098901099,0.2997003,0.699300699,0.3996004,0.1998002,0.1998002,0.0999001,6.093906094
Enstatite,Pyroxene,0,0.500500501,36.63663664,1.801801802,51.25125125,0.800800801,2.102102102,0.500500501,0.800800801,0.600600601,0.1001001,0.1001001,0,4.804804805
Enstatite,Pyroxene,0,2.197802198,35.56443556,1.498501499,51.24875125,0.899100899,3.096903097,0.899100899,0.999000999,0.2997003,0.1998002,0.0999001,0,2.997002997
Enstatite,Pyroxene,0,0,40.31936128,0.099800399,53.39321357,0.099800399,0.099800399,0.099800399,0.299401198,0.399201597,0.099800399,0.099800399,0.099800399,4.890219561
Enstatite,Pyroxene,0,0,40.4,0.5,55.1,0.1,0.1,0.1,0.2,0.1,0.1,0.1,0,3.2
Enstatite,Pyroxene,0,1.9,29.8,3,48.4,1.7,2.6,0.9,1,7.6,0.1,0.4,0,2.6
Enstatite,Pyroxene,0,1.198801199,34.36563437,1.798201798,48.05194805,0.999000999,2.697302697,1.898101898,1.198801199,0.4995005,0.1998002,0.1998002,0.0999001,6.793206793
Enstatite,Pyroxene,0,0,37.76223776,0.3996004,52.54745255,0.0999001,0.999000999,0.2997003,0.3996004,0.699300699,0.0999001,0.1998002,0.0999001,6.393606394
Enstatite,Pyroxene,0,0.999000999,37.66233766,1.098901099,50.54945055,0.699300699,2.297702298,0.4995005,0.799200799,0.999000999,0.0999001,0.0999001,0,4.195804196
Enstatite,Pyroxene,0,1.701701702,36.83683684,1.401401401,48.64864865,0.800800801,2.602602603,0.600600601,1.001001001,0.500500501,0.3003003,0.2002002,0.1001001,5.305305305
Enstatite,Pyroxene,0,0,40.15984016,0.0999001,53.44655345,0.0999001,0.2997003,0.0999001,0.1998002,0.3996004,0.0999001,0.0999001,0.0999001,4.895104895
Enstatite,Pyroxene,0,0,39.22155689,0.099800399,53.49301397,0,0.099800399,0.099800399,0.299401198,0.399201597,0.099800399,0.199600798,0.099800399,5.888223553
Enstatite,Pyroxene,0,0,37.36263736,1.098901099,50.74925075,0.699300699,2.197802198,0.599400599,0.799200799,0.599400599,0.0999001,0.599400599,0.0999001,5.094905095
Enstatite,Pyroxene,0,0,39.53953954,0.1001001,53.85385385,0,0,0.1001001,0.3003003,0.4004004,0.1001001,0.1001001,0.1001001,5.405405405
Enstatite,Pyroxene,0,0.4,40,0.6,50.9,0.8,0.9,0.6,0.7,0.5,0.1,0.1,0.1,4.3
Enstatite,Pyroxene,0,0,36.56343656,0.0999001,61.43856144,0.2997003,0.0999001,0.0999001,0.0999001,0,0.0999001,0.0999001,0,1.098901099
Enstatite,Pyroxene,0,0,40.64064064,0,53.15315315,0,0.500500501,0,0.2002002,0.1001001,0,0.1001001,0.1001001,5.205205205
Enstatite,Pyroxene,0,0.1,38.8,0,52.7,0.2,0.7,0,0.2,2.9,0.1,0.1,0.1,4.1
Enstatite,Pyroxene,0,0,41.7,1.1,50.9,0.3,0.4,0,0.1,0.2,0.1,0.4,0.1,4.7
Enstatite,Pyroxene,0,0,41.44144144,0,52.95295295,0.2002002,0.2002002,0.1001001,0.2002002,0.3003003,0.1001001,0.1001001,0,4.404404404
Enstatite,Pyroxene,0,0.0999001,39.66033966,0.1998002,52.54745255,0.0999001,1.598401598,0,0.2997003,0.0999001,0.0999001,0,0.0999001,5.194805195
Enstatite,Pyroxene,0,0,40.3,0.1,51,0.1,0.4,0,0.2,0.2,0.1,1.8,0.1,5.7
Enstatite,Pyroxene,0,0,40.5,0.1,53.6,0.1,0.1,0.1,0.2,0.4,0,0.1,0.1,4.7
Enstatite,Pyroxene,0,0,38,0.3,53.6,0,0.8,0,0.2,0.5,0.1,0.2,0.1,6.2
Enstatite,Pyroxene,0,0,38.6,0.3,53.6,0,0.1,0.1,0.3,0.5,0.1,0.2,0.1,6.1
Enstatite,Pyroxene,0,0,35.2,0.1,53,0,0.2,0.1,0.5,0.6,0.1,0.2,0.2,9.8
Enstatite,Pyroxene,0,0,39.23923924,0.1001001,51.65165165,0,0.2002002,0,0.2002002,0.2002002,0.1001001,1.301301301,0.1001001,6.906906907
Enstatite,Pyroxene,0,0,38.97795591,0.200400802,53.40681363,0,0.400801603,0,0.200400802,0.400801603,0.100200401,0.100200401,0.100200401,6.112224449
Enstatite,Pyroxene,0,0,40.8,0.7,52.3,0.1,0.1,0.1,0.2,0.2,0.1,0.2,0.1,5.1
Enstatite,Pyroxene,0,0,39.93993994,0.2002002,53.05305305,0,0.4004004,0,0,0.1001001,0,0.1001001,0.1001001,6.106106106
Enstatite,Pyroxene,0,0.901803607,38.37675351,1.20240481,50.70140281,0.901803607,1.503006012,0.501002004,0.701402806,0.300601202,0,0,0,4.909819639
Enstatite,Pyroxene,0,0.899100899,37.76223776,1.298701299,50.84915085,0.899100899,1.998001998,0.4995005,0.699300699,0.4995005,0,0.0999001,0,4.495504496
Enstatite,Pyroxene,0,0,40.2,0,53.8,0.1,0.1,0.1,0.2,0.2,0.1,0.1,0.1,5
Enstatite,Pyroxene,0,0,39.46053946,0.1998002,53.74625375,0.0999001,0.1998002,0.0999001,0.1998002,0.3996004,0.0999001,0.1998002,0.0999001,5.194805195
Hornblende,Amphibole,0,3.996003996,23.17682318,4.995004995,47.95204795,0,0.999000999,0.0999001,0.4995005,12.08791209,0.899100899,0.0999001,0,5.194805195
Hornblende,Amphibole,0,4.3,23.1,5.2,47.5,0,0.9,0.1,0.5,12,0.9,0.1,0,5.4
Hornblende,Amphibole,0,3.618090452,21.70854271,4.824120603,45.6281407,0.100502513,1.005025126,0.40201005,0.804020101,14.07035176,1.105527638,0.40201005,0.100502513,6.231155779
Hornblende,Amphibole,0,3.996003996,24.87512488,5.194805195,48.05194805,0.0999001,0.2997003,0.1998002,0.2997003,11.58841159,0.599400599,0,0,4.795204795
Hornblende,Amphibole,0,4.7,24.9,5.7,47.3,0.1,0.8,0.2,0.3,10.9,0.6,0,0,4.5
Hornblende,Amphibole,0,3.603603604,23.62362362,5.105105105,48.14814815,0,0.800800801,0.1001001,0.4004004,12.31231231,0.600600601,0.1001001,0,5.205205205
Hornblende,Amphibole,0,2.702702703,19.11911912,4.104104104,43.04304304,0,0.2002002,0.3003003,0.900900901,17.81781782,1.601601602,0.4004004,0.3003003,9.50950951
Hornblende,Amphibole,0,3.496503497,23.07692308,4.995004995,48.05194805,0,0.899100899,0.1998002,0.4995005,12.68731269,0.699300699,0.0999001,0,5.294705295
Hornblende,Amphibole,0,2.297702298,22.47752248,4.595404595,48.95104895,0,0.699300699,0.1998002,0.4995005,13.68631369,0.699300699,0.0999001,0,5.794205794
Hornblende,Amphibole,0,4.5,23.4,5.8,46.9,0,1,0.2,0.4,11.8,0.7,0.1,0,5.2
Hornblende,Amphibole,0,3.896103896,24.67532468,4.595404595,48.55144855,0.0999001,0.3996004,0.0999001,0.2997003,11.48851149,0.899100899,0.0999001,0,4.895104895
Hornblende,Amphibole,0,2.694610778,23.05389222,4.790419162,48.80239521,0,0.698602794,0.199600798,0.499001996,12.8742515,0.698602794,0.099800399,0,5.588822355
Hornblende,Amphibole,0,3.3,22.2,4.7,48.2,0,0.7,0.1,0.5,13.4,0.7,0.1,0,6.1
Hornblende,Amphibole,0,3.4,23.1,4.7,48.3,0,0.5,0.2,0.4,13.1,0.7,0.1,0,5.5
Hornblende,Amphibole,0,2.302302302,21.22122122,4.404404404,47.34734735,0,0.1001001,0.1001001,0.500500501,15.81581582,0.900900901,0.1001001,0.1001001,7.107107107
Hornblende,Amphibole,0,3.992015968,23.15369261,5.389221557,47.50499002,0,0.798403194,0.099800399,0.499001996,12.3752495,0.798403194,0.099800399,0,5.289421158
Hornblende,Amphibole,0,2.5,20.2,4.8,46.1,0,0.2,0.3,0.8,15.7,1.4,0.3,0.1,7.6
Hornblende,Amphibole,0,3.7,22.9,5.3,48,0,0.7,0.2,0.5,12.6,0.7,0.1,0,5.3
Hornblende,Amphibole,0,6.493506494,23.87612388,6.193806194,43.75624376,0.899100899,1.698301698,0.699300699,0.899100899,10.28971029,0.899100899,0.0999001,0,4.195804196
Hornblende,Amphibole,0,4.108216433,23.84769539,5.410821643,47.49498998,0,0.200400802,0.200400802,0.400801603,12.2244489,0.801603206,0,0,5.310621242
Hornblende,Amphibole,0,3.7,24.3,4.5,48.7,0,0.2,0.2,0.3,11.9,1,0.1,0,5.1
Hornblende,Amphibole,0,2.8,23,3.8,47.3,0,0.4,0.1,0.4,15.2,0.6,0.1,0,6.3
Hornblende,Amphibole,0,2.602602603,21.12112112,3.603603604,44.64464464,0,0.3003003,0.1001001,0.500500501,17.01701702,1.001001001,0.1001001,0.1001001,8.908908909
Hornblende,Amphibole,0,2.9,19.3,4.7,43.8,0,0.6,0.6,1.3,16,2,0.7,0.3,7.8
Hornblende,Amphibole,0,4.2,24.3,5.2,47.9,0,0.4,0.2,0.3,11.4,0.9,0.1,0,5.1
Hornblende,Amphibole,0,3.9,24.5,4.9,48.1,0,0.3,0.2,0.3,12,0.7,0,0,5.1
Hornblende,Amphibole,0,3.393213573,21.45708583,5.489021956,47.00598802,0,0.598802395,0.199600798,0.598802395,13.87225549,0.998003992,0.099800399,0,6.28742515
Hornblende,Amphibole,0,2.9,22.5,5,48.2,0,0.5,0.2,0.5,13.4,0.8,0.1,0,5.9
Hornblende,Amphibole,0,3.7,25.4,5.4,48,0.1,0.5,0.2,0.2,11,0.5,0,0,5
Hornblende,Amphibole,0,1.30260521,23.84769539,1.402805611,52.10420842,0,0.601202405,0,0.200400802,14.12825651,0.100200401,0.100200401,0,6.21242485
Hornblende,Amphibole,0,3.603603604,22.72272272,4.504504505,47.34734735,0,1.101101101,0.2002002,0.4004004,13.01301301,0.700700701,0.1001001,0,6.306306306
Hornblende,Amphibole,0,3.2,21.4,4.7,47.7,0,0.5,0.3,0.7,13.9,1.3,0.1,0,6.2
Hornblende,Amphibole,0,3.7,24,5.7,47.4,0.1,0.3,0.2,0.4,12,0.8,0.1,0,5.3
Hornblende,Amphibole,0,4,24.1,5.4,47.8,0,0.2,0.2,0.4,11.9,0.8,0,0,5.2
Hornblende,Amphibole,0,3,21.4,5.2,47,0,0.4,0.3,0.7,14.4,1.1,0.1,0,6.4
Hornblende,Amphibole,0.600600601,5.605605606,24.52452452,5.205205205,43.64364364,0.900900901,1.101101101,0.900900901,1.001001001,10.51051051,1.101101101,0.3003003,0.1001001,4.504504505
Hornblende,Amphibole,0,3.5,21.9,5.3,46.9,0,0.5,0.2,0.5,13.7,1,0.1,0,6.4
Hornblende,Amphibole,0,3.7,22,5.3,47.2,0,0.7,0.2,0.5,13.3,0.9,0.1,0,6.1
Kaolinite,Clay,3.614457831,1.204819277,1.204819277,49.39759036,43.37349398,0,0,0,1.204819277,0,0,0,0,0
Kaolinite,Clay,9.756097561,4.87804878,2.43902439,43.90243902,39.02439024,0,0,0,0,0,0,0,0,0
Kaolinite,Clay,7.407407407,3.703703704,0,44.44444444,40.74074074,3.703703704,0,0,0,0,0,0,0,0
Kaolinite,Clay,4.166666667,2.083333333,2.083333333,47.91666667,43.75,0,0,0,0,0,0,0,0,0
Kaolinite,Clay,4.918032787,1.639344262,1.639344262,49.18032787,42.62295082,0,0,0,0,0,0,0,0,0
Kaolinite,Clay,0,0,0.917431193,52.29357798,45.87155963,0,0,0,0,0,0,0,0,0.917431193
Kaolinite,Clay,7.079646018,2.654867257,0.884955752,46.01769912,39.82300885,0.884955752,0.884955752,0,1.769911504,0,0,0,0,0
Kaolinite,Clay,1.052631579,1.052631579,1.052631579,50.52631579,45.26315789,0,0,0,1.052631579,0,0,0,0,0
Kaolinite,Clay,5.882352941,2.941176471,2.941176471,47.05882353,41.17647059,0,0,0,0,0,0,0,0,0
Kaolinite,Clay,3.03030303,3.03030303,3.03030303,45.45454545,42.42424242,3.03030303,0,0,0,0,0,0,0,0
Kaolinite,Clay,3.50877193,1.754385965,1.754385965,49.12280702,42.10526316,0,0,0,1.754385965,0,0,0,0,0
Kaolinite,Clay,3.50877193,0.877192982,0.877192982,50,42.98245614,0,0.877192982,0,0.877192982,0,0,0,0,0
Kaolinite,Clay,1.19047619,0,1.19047619,51.19047619,45.23809524,0,0,0,0,0,0,0,0,1.19047619
Kaolinite,Clay,8.130081301,3.25203252,0.81300813,44.71544715,38.21138211,1.62601626,1.62601626,0,1.62601626,0,0,0,0,0
Kaolinite,Clay,5.813953488,2.325581395,1.162790698,47.6744186,40.69767442,0,1.162790698,0,1.162790698,0,0,0,0,0
Kaolinite,Clay,1.086956522,1.086956522,1.086956522,51.08695652,43.47826087,0,1.086956522,0,1.086956522,0,0,0,0,0
Kaolinite,Clay,0,0,1.388888889,52.77777778,44.44444444,0,0,0,1.388888889,0,0,0,0,0
Kaolinite,Clay,3.076923077,0,0,52.30769231,44.61538462,0,0,0,0,0,0,0,0,0
Kaolinite,Clay,2.272727273,1.136363636,1.136363636,50,44.31818182,0,0,0,1.136363636,0,0,0,0,0
Kaolinite,Clay,0,0,0,52.38095238,47.61904762,0,0,0,0,0,0,0,0,0
Kaolinite,Clay,2.222222222,2.222222222,2.222222222,48.88888889,44.44444444,0,0,0,0,0,0,0,0,0
Kaolinite,Clay,3.174603175,1.587301587,1.587301587,49.20634921,42.85714286,0,0,0,1.587301587,0,0,0,0,0
Kaolinite,Clay,10.16949153,3.389830508,1.694915254,42.37288136,37.28813559,1.694915254,1.694915254,0,1.694915254,0,0,0,0,0
Kaolinite,Clay,0,0,0,52.17391304,47.82608696,0,0,0,0,0,0,0,0,0
Kaolinite,Clay,0.961538462,0,0.961538462,51.92307692,45.19230769,0,0,0,0.961538462,0,0,0,0,0
Kaolinite,Clay,1.515151515,0,1.515151515,51.51515152,45.45454545,0,0,0,0,0,0,0,0,0
Kaolinite,Clay,2.898550725,1.449275362,1.449275362,47.82608696,42.02898551,0.724637681,0.724637681,0,1.449275362,0.724637681,0,0,0,0.724637681
Kaolinite,Clay,2.459016393,1.639344262,0.819672131,49.18032787,42.62295082,0.819672131,0.819672131,0,0.819672131,0,0,0,0,0.819672131
Kaolinite,Clay,0.793650794,0,0.793650794,51.58730159,45.23809524,0,0.793650794,0,0.793650794,0,0,0,0,0
Kaolinite,Clay,0,0,0,53.24675325,46.75324675,0,0,0,0,0,0,0,0,0
Kaolinite,Clay,0,0,0,53.33333333,46.66666667,0,0,0,0,0,0,0,0,0
Kaolinite,Clay,0,0,0,52.94117647,47.05882353,0,0,0,0,0,0,0,0,0
Kaolinite,Clay,0,5.263157895,0,47.36842105,42.10526316,5.263157895,0,0,0,0,0,0,0,0
Kaolinite,Clay,0,2.777777778,2.777777778,50,44.44444444,0,0,0,0,0,0,0,0,0
Kaolinite,Clay,0,0,0,52.38095238,47.61904762,0,0,0,0,0,0,0,0,0
Kaolinite,Clay,0,0,0.833333333,50.83333333,46.66666667,0,0,0,0.833333333,0,0,0,0,0.833333333
Kaolinite,Clay,0,1.886792453,1.886792453,50.94339623,45.28301887,0,0,0,0,0,0,0,0,0
Kaolinite,Clay,0,0,0,52.63157895,47.36842105,0,0,0,0,0,0,0,0,0
Kaolinite,Clay,0,0,0,54.16666667,45.83333333,0,0,0,0,0,0,0,0,0
Kaolinite,Clay,0,0,0,55.55555556,44.44444444,0,0,0,0,0,0,0,0,0
Labradorite,Feldspar,0,5.685618729,0.334448161,31.43812709,41.13712375,0.334448161,0.334448161,0,1.003344482,17.72575251,0.334448161,0.668896321,0.334448161,0.668896321
Labradorite,Feldspar,1.239669421,8.67768595,0.41322314,32.23140496,41.73553719,0.41322314,0.41322314,0,0.826446281,13.2231405,0,0.41322314,0,0.41322314
Labradorite,Feldspar,1.754385965,9.210526316,0.438596491,32.01754386,41.22807018,0.438596491,0.438596491,0,0.877192982,13.15789474,0,0,0,0.438596491
Labradorite,Feldspar,0,6.622516556,0.331125828,32.45033113,42.38410596,0.331125828,0,0,0.993377483,15.89403974,0.331125828,0.331125828,0,0.331125828
Labradorite,Feldspar,0,8.333333333,0.490196078,32.35294118,41.66666667,0.490196078,0.490196078,0,0.980392157,14.21568627,0,0.490196078,0,0.490196078
Labradorite,Feldspar,0.373134328,8.582089552,0.373134328,32.8358209,42.53731343,0.373134328,0.373134328,0,0.746268657,13.43283582,0,0,0,0.373134328
Labradorite,Feldspar,1.086956522,9.057971014,0.724637681,31.52173913,40.94202899,0.724637681,0.724637681,0.362318841,1.086956522,13.04347826,0,0.362318841,0,0.362318841
Labradorite,Feldspar,3.493449782,10.48034934,0.436681223,31.00436681,39.73799127,0.873362445,0.873362445,0,0.873362445,11.79039301,0,0,0,0.436681223
Labradorite,Feldspar,1.176470588,8.62745098,0.392156863,32.15686275,41.56862745,0.392156863,0.392156863,0,0.784313725,14.11764706,0,0,0,0.392156863
Labradorite,Feldspar,0,7.207207207,0.45045045,32.88288288,42.34234234,0,0,0,0.900900901,15.31531532,0,0.45045045,0,0.45045045
Labradorite,Feldspar,0,7.722007722,0.386100386,32.81853282,42.85714286,0.386100386,0.386100386,0,0.772200772,14.28571429,0,0,0,0.386100386
Labradorite,Feldspar,0,4.330708661,0.393700787,28.74015748,35.82677165,0,0,0.393700787,1.181102362,25.19685039,1.181102362,0.787401575,0.787401575,1.181102362
Labradorite,Feldspar,1.255230126,9.205020921,0.836820084,31.38075314,40.58577406,0.836820084,0.418410042,0,1.255230126,13.38912134,0,0.418410042,0,0.418410042
Labradorite,Feldspar,2.620087336,10.04366812,0.436681223,31.44104803,40.61135371,0.436681223,0.873362445,0,0.873362445,12.22707424,0,0,0,0.436681223
Labradorite,Feldspar,0,4.057971014,0,30.72463768,40,0.289855072,0.289855072,0.289855072,1.449275362,20.28985507,0.869565217,0.869565217,0.289855072,0.579710145
Labradorite,Feldspar,0,4.678362573,0,30.99415205,40.05847953,0.292397661,0.292397661,0.292397661,1.461988304,19.59064327,0.584795322,0.877192982,0.292397661,0.584795322
Labradorite,Feldspar,0,3.157894737,0,30.52631579,38.68421053,0,0.263157895,0.263157895,1.315789474,22.63157895,1.052631579,0.789473684,0.526315789,0.789473684
Labradorite,Feldspar,3.619909502,10.40723982,0.904977376,30.76923077,39.36651584,0.904977376,0.904977376,0,0.904977376,12.21719457,0,0,0,0
Labradorite,Feldspar,3.139013453,10.76233184,0.448430493,30.94170404,39.9103139,0.896860987,0.896860987,0,0.896860987,11.65919283,0,0,0,0.448430493
Labradorite,Feldspar,0,8.187134503,0.584795322,32.16374269,40.93567251,0.584795322,0.584795322,0,1.169590643,15.20467836,0,0,0,0.584795322
Labradorite,Feldspar,1.428571429,9.047619048,0.476190476,32.38095238,41.42857143,0.476190476,0.476190476,0,0.476190476,13.33333333,0,0,0,0.476190476
Labradorite,Feldspar,0,6.666666667,0,31.66666667,39.44444444,0,0.555555556,0,1.111111111,18.88888889,0.555555556,0.555555556,0,0.555555556
Labradorite,Feldspar,1.863354037,9.937888199,0,32.29813665,40.99378882,0.621118012,0.621118012,0,0.621118012,13.04347826,0,0,0,0
Labradorite,Feldspar,4.624277457,10.98265896,0,31.21387283,39.88439306,0.578034682,0.578034682,0,0.578034682,11.56069364,0,0,0,0
Labradorite,Feldspar,0,6.993006993,0.34965035,32.16783217,41.60839161,0.34965035,0.34965035,0,1.048951049,16.43356643,0,0.34965035,0,0.34965035
Labradorite,Feldspar,0.386100386,8.494208494,0.386100386,32.04633205,41.6988417,0.386100386,0.386100386,0,1.158301158,13.8996139,0.386100386,0.386100386,0,0.386100386
Labradorite,Feldspar,1.785714286,9.821428571,0.446428571,31.69642857,41.07142857,0.892857143,0.446428571,0,0.892857143,12.5,0,0,0,0.446428571
Labradorite,Feldspar,0,7.766990291,0,33.00970874,40.77669903,0,0,0,0.970873786,17.47572816,0,0,0,0
Labradorite,Feldspar,1.255230126,9.205020921,0.418410042,32.21757322,41.84100418,0.418410042,0.418410042,0,0.836820084,12.9707113,0,0,0,0.418410042
Labradorite,Feldspar,1.081081081,5.945945946,0.540540541,23.78378378,25.94594595,0,0,0,1.081081081,35.13513514,1.081081081,1.621621622,1.621621622,2.162162162
Labradorite,Feldspar,1.123595506,8.61423221,0.374531835,32.20973783,41.57303371,0.374531835,0.374531835,0,1.123595506,13.8576779,0,0,0,0.374531835
Labradorite,Feldspar,1.234567901,9.053497942,0,32.51028807,41.97530864,0.411522634,0.411522634,0,0.411522634,13.58024691,0,0,0,0.411522634
Labradorite,Feldspar,4.201680672,10.92436975,0.840336134,31.09243697,38.65546218,0.840336134,0.840336134,0,0.840336134,11.76470588,0,0,0,0
Labradorite,Feldspar,0,8.661417323,0.787401575,33.07086614,41.73228346,0,0,0,0.787401575,14.96062992,0,0,0,0
Labradorite,Feldspar,0,5.240174672,0.436681223,31.87772926,39.73799127,0,0,0,1.310043668,18.77729258,0.436681223,0.436681223,0.436681223,1.310043668
Labradorite,Feldspar,0,7.80141844,0.354609929,32.26950355,42.55319149,0.354609929,0.354609929,0,1.063829787,14.53900709,0,0.354609929,0,0.354609929
Labradorite,Feldspar,0,6.746031746,0.396825397,32.14285714,41.26984127,0.396825397,0.396825397,0,1.19047619,16.26984127,0.396825397,0.396825397,0,0.396825397
Labradorite,Feldspar,0.373134328,8.208955224,0.373134328,32.46268657,42.1641791,0.373134328,0.373134328,0,1.119402985,14.17910448,0,0,0,0.373134328
Labradorite,Feldspar,0.343642612,7.903780069,0.343642612,32.3024055,42.26804124,0.343642612,0.343642612,0,1.030927835,14.43298969,0,0.343642612,0,0.343642612
Labradorite,Feldspar,3.496503497,10.48951049,0.699300699,31.46853147,39.16083916,0.699300699,0.699300699,0,0.699300699,12.58741259,0,0,0,0
Labradorite,Feldspar,3.680981595,10.42944785,0.613496933,31.28834356,39.87730061,0.613496933,0.613496933,0,0.613496933,12.26993865,0,0,0,0
Labradorite,Feldspar,0.751879699,8.646616541,0.37593985,31.95488722,41.35338346,0.751879699,0.37593985,0,1.127819549,13.90977444,0,0.37593985,0,0.37593985
Labradorite,Feldspar,0,7.876712329,0.342465753,32.53424658,42.46575342,0.342465753,0.342465753,0,1.02739726,14.38356164,0,0.342465753,0,0.342465753
Labradorite,Feldspar,0,7.228915663,0.401606426,32.12851406,41.36546185,0.401606426,0.401606426,0,0.803212851,16.06425703,0.401606426,0.401606426,0,0.401606426
Labradorite,Feldspar,0,7.849829352,0.341296928,32.42320819,42.66211604,0.341296928,0.341296928,0,1.023890785,14.33447099,0,0.341296928,0,0.341296928
Labradorite,Feldspar,1.731601732,9.523809524,0.432900433,31.6017316,41.12554113,0.432900433,0.432900433,0,0.865800866,12.98701299,0,0.432900433,0,0.432900433
Labradorite,Feldspar,0,7.954545455,0.378787879,32.1969697,42.04545455,0.378787879,0.378787879,0,1.136363636,14.39393939,0.378787879,0.378787879,0,0.378787879
Labradorite,Feldspar,0.411522634,6.58436214,0.411522634,26.74897119,30.86419753,0,0,0,0,32.09876543,0,0.411522634,0.411522634,2.057613169
Labradorite,Feldspar,0,7.317073171,0.609756098,32.92682927,42.07317073,0,0,0,0.609756098,15.85365854,0,0,0,0.609756098
Labradorite,Feldspar,3.76344086,10.75268817,1.075268817,30.64516129,39.24731183,0.537634409,0.537634409,0,1.075268817,12.3655914,0,0,0,0
Labradorite,Feldspar,0.934579439,9.345794393,0,32.24299065,41.58878505,0.46728972,0.46728972,0,0.934579439,13.08411215,0,0.46728972,0,0.46728972
Labradorite,Feldspar,4.615384615,10.76923077,1.538461538,30,36.92307692,0.769230769,0.769230769,0,1.538461538,12.30769231,0,0.769230769,0,0
Labradorite,Feldspar,0,9.734513274,0.884955752,31.85840708,40.7079646,0.884955752,0.884955752,0,0.884955752,14.15929204,0,0,0,0
Labradorite,Feldspar,0,7.766990291,0,33.98058252,41.74757282,0,0,0,0.970873786,15.53398058,0,0,0,0
Labradorite,Feldspar,3.418803419,10.25641026,0.854700855,30.76923077,39.31623932,0.854700855,0.854700855,0,0.854700855,12.82051282,0,0,0,0
Labradorite,Feldspar,1.047120419,7.329842932,1.047120419,29.84293194,36.64921466,0,0,0,0,22.51308901,0,0,0,1.570680628
Microcline,Feldspar,2.631578947,2.631578947,0,21.05263158,55.26315789,0,0,0,18.42105263,0,0,0,0,0
Microcline,Feldspar,6.451612903,4.032258065,0.806451613,19.35483871,49.19354839,1.612903226,1.612903226,0,16.12903226,0.806451613,0,0,0,0
Microcline,Feldspar,6.626506024,3.614457831,0,19.27710843,49.39759036,1.204819277,1.807228916,0,16.86746988,1.204819277,0,0,0,0
Microcline,Feldspar,5.333333333,2.666666667,0,20,50.66666667,1.333333333,1.333333333,0,17.33333333,1.333333333,0,0,0,0
Microcline,Feldspar,4.347826087,2.173913043,0,21.73913043,52.17391304,2.173913043,0,0,17.39130435,0,0,0,0,0
Microcline,Feldspar,3.092783505,3.092783505,0,20.6185567,52.57731959,1.030927835,1.030927835,0,17.5257732,1.030927835,0,0,0,0
Microcline,Feldspar,2.666666667,2.666666667,0,20,52.66666667,1.333333333,1.333333333,0,18,1.333333333,0,0,0,0
Microcline,Feldspar,0,3.03030303,0,21.21212121,54.54545455,0,0,0,21.21212121,0,0,0,0,0
Microcline,Feldspar,6.593406593,3.296703297,1.098901099,19.78021978,49.45054945,1.098901099,1.098901099,0,16.48351648,1.098901099,0,0,0,0
Microcline,Feldspar,0.826446281,1.652892562,0,20.66115702,54.54545455,0.826446281,0.826446281,0,19.83471074,0.826446281,0,0,0,0
Microcline,Feldspar,4.210526316,3.157894737,1.052631579,20,51.57894737,1.052631579,1.052631579,0,16.84210526,1.052631579,0,0,0,0
Microcline,Feldspar,2.666666667,2.666666667,0.666666667,20.66666667,53.33333333,0.666666667,0.666666667,0,18,0.666666667,0,0,0,0
Microcline,Feldspar,0,0.653594771,0,20.91503268,55.55555556,1.307189542,0.653594771,0,19.60784314,1.307189542,0,0,0,0
Microcline,Feldspar,1.986754967,1.986754967,0.662251656,19.86754967,53.64238411,0.662251656,1.324503311,0,19.20529801,0.662251656,0,0,0,0
Microcline,Feldspar,0,0.442477876,0,20.79646018,56.19469027,0.442477876,0.442477876,0,20.3539823,0.884955752,0.442477876,0,0,0
Microcline,Feldspar,0,1.086956522,0,20.65217391,55.43478261,1.086956522,0,0,20.65217391,1.086956522,0,0,0,0
Microcline,Feldspar,3.246753247,1.948051948,0,20.12987013,53.24675325,1.298701299,1.298701299,0,18.18181818,0.649350649,0,0,0,0
Microcline,Feldspar,0,0.877192982,0,21.05263158,55.26315789,0.877192982,0.877192982,0,20.1754386,0.877192982,0,0,0,0
Microcline,Feldspar,5.825242718,3.883495146,0.970873786,19.41747573,49.51456311,1.941747573,0.970873786,0,16.50485437,0.970873786,0,0,0,0
Microcline,Feldspar,0,0.628930818,0,20.75471698,55.34591195,0.628930818,0.628930818,0,21.3836478,0.628930818,0,0,0,0
Microcline,Feldspar,1.851851852,3.703703704,1.851851852,40.74074074,42.59259259,0,0,0,9.259259259,0,0,0,0,0
Microcline,Feldspar,3.448275862,3.448275862,0,20.68965517,53.44827586,0,0,0,18.96551724,0,0,0,0,0
Microcline,Feldspar,6.493506494,3.896103896,1.298701299,19.48051948,49.35064935,1.298701299,1.298701299,0,15.58441558,1.298701299,0,0,0,0
Microcline,Feldspar,0,1.639344262,0,21.31147541,54.91803279,0.819672131,0.819672131,0,19.67213115,0.819672131,0,0,0,0
Microcline,Feldspar,0,0.806451613,0,20.96774194,55.64516129,0.806451613,0,0,20.96774194,0.806451613,0,0,0,0
Microcline,Feldspar,4.081632653,2.040816327,2.040816327,20.40816327,53.06122449,0,0,0,18.36734694,0,0,0,0,0
Microcline,Feldspar,4.310344828,2.586206897,0,19.82758621,51.72413793,1.724137931,0.862068966,0,18.10344828,0.862068966,0,0,0,0
Microcline,Feldspar,2.197802198,2.197802198,0,19.78021978,53.84615385,1.098901099,1.098901099,0,18.68131868,1.098901099,0,0,0,0
Microcline,Feldspar,0,0,0,20.79207921,55.44554455,0,0,0,23.76237624,0,0,0,0,0
Microcline,Feldspar,1.62601626,1.62601626,0,20.32520325,53.65853659,1.62601626,0.81300813,0,19.51219512,0.81300813,0,0,0,0
Microcline,Feldspar,1.388888889,1.851851852,0,20.83333333,55.09259259,0.925925926,0.925925926,0,18.51851852,0.462962963,0,0,0,0
Microcline,Feldspar,0,0.836820084,0,20.92050209,56.48535565,0.836820084,0.836820084,0,19.66527197,0.418410042,0,0,0,0
Microcline,Feldspar,0,0.99009901,0,21.78217822,55.94059406,0.495049505,0.495049505,0,19.8019802,0.495049505,0,0,0,0
Microcline,Feldspar,0,1.01010101,0,21.21212121,54.54545455,1.01010101,1.01010101,0,20.2020202,1.01010101,0,0,0,0
Microcline,Feldspar,0,0.684931507,0,20.54794521,56.16438356,0.684931507,0.684931507,0,20.54794521,0.684931507,0,0,0,0
Microcline,Feldspar,0,0.523560209,0,20.94240838,55.4973822,0.523560209,0.523560209,0,20.41884817,1.047120419,0.523560209,0,0,0
Microcline,Feldspar,0,1.01010101,0,20.2020202,55.55555556,1.01010101,1.01010101,0,20.2020202,1.01010101,0,0,0,0
Microcline,Feldspar,1.960784314,1.307189542,0,20.26143791,54.90196078,0.653594771,0.653594771,0,19.60784314,0.653594771,0,0,0,0
Microcline,Feldspar,0,0,0,20.47619048,56.19047619,0.476190476,0.476190476,0,21.9047619,0.476190476,0,0,0,0
Microcline,Feldspar,4.494382022,2.808988764,0.561797753,19.66292135,51.68539326,1.123595506,1.123595506,0,17.41573034,1.123595506,0,0,0,0
Microcline,Feldspar,5.82010582,3.174603175,0,19.04761905,51.32275132,1.058201058,1.587301587,0,16.93121693,1.058201058,0,0,0,0
Microcline,Feldspar,1.195219124,1.593625498,0,20.3187251,53.78486056,1.195219124,1.195219124,0,18.7250996,1.195219124,0.398406375,0.398406375,0,0
Microcline,Feldspar,0.469483568,0.938967136,0,21.12676056,55.39906103,0.938967136,0.469483568,0,19.71830986,0.938967136,0,0,0,0
Microcline,Feldspar,0,2.702702703,0,21.62162162,54.05405405,0,0,0,21.62162162,0,0,0,0,0
Microcline,Feldspar,0,1.960784314,0,21.56862745,54.90196078,0,0,0,19.60784314,1.960784314,0,0,0,0
Montmorillonite,Clay,1.388888889,1.388888889,12.5,22.22222222,59.72222222,0,0.694444444,0,0.694444444,0.694444444,0,0,0,0.694444444
Montmorillonite,Clay,4.761904762,2.380952381,13.0952381,21.42857143,54.76190476,0,1.19047619,0,1.19047619,0,0,0,0,1.19047619
Montmorillonite,Clay,0,1.5625,14.0625,21.875,60.9375,0,0,0,0,0,0,0,0,1.5625
Montmorillonite,Clay,0.574712644,1.149425287,13.2183908,21.26436782,60.34482759,0,1.149425287,0.574712644,0.574712644,0.574712644,0,0,0,0.574712644
Montmorillonite,Clay,0.961538462,1.442307692,12.98076923,21.15384615,58.17307692,0,1.442307692,0.961538462,0.961538462,0.961538462,0,0,0,0.961538462
Montmorillonite,Clay,2.747252747,2.197802198,13.18681319,20.32967033,54.94505495,0.549450549,1.648351648,1.098901099,1.098901099,1.098901099,0.549450549,0,0,0.549450549
Montmorillonite,Clay,0,2.272727273,13.63636364,22.72727273,61.36363636,0,0,0,0,0,0,0,0,0
Montmorillonite,Clay,1.379310345,0.689655172,14.48275862,22.06896552,60,0,0,0.689655172,0,0,0,0,0,0.689655172
Montmorillonite,Clay,0,1.369863014,13.69863014,21.91780822,60.2739726,0,0,0,1.369863014,0,0,0,0,1.369863014
Montmorillonite,Clay,0,1.333333333,13.33333333,22.66666667,61.33333333,0,0,0,0,0,0,0,0,1.333333333
Montmorillonite,Clay,3.703703704,2.962962963,13.33333333,20,54.81481481,0,1.481481481,0.740740741,1.481481481,0.740740741,0,0,0,0.740740741
Montmorillonite,Clay,0,0.862068966,12.06896552,21.55172414,62.06896552,0,0,0.862068966,0.862068966,0.862068966,0,0,0,0.862068966
Montmorillonite,Clay,0,0.99009901,12.87128713,22.77227723,62.37623762,0,0,0,0,0,0,0,0,0.99009901
Montmorillonite,Clay,1.875,2.5,13.125,20.625,56.875,0,1.25,0.625,1.25,1.25,0,0,0,0.625
Montmorillonite,Clay,0,1.310043668,12.22707424,21.39737991,59.82532751,0,0.873362445,0.873362445,0.873362445,1.310043668,0.436681223,0,0,0.873362445
Montmorillonite,Clay,0,0.751879699,12.03007519,21.05263158,58.64661654,0,0.751879699,0.751879699,1.503759398,1.503759398,0.751879699,0.751879699,0,1.503759398
Montmorillonite,Clay,2.985074627,3.482587065,12.93532338,19.90049751,54.22885572,0.497512438,1.990049751,0.995024876,1.492537313,0.995024876,0,0,0,0.497512438
Montmorillonite,Clay,0,0,9.655172414,20,58.62068966,0,0.689655172,1.379310345,1.379310345,2.068965517,2.068965517,1.379310345,0.689655172,2.068965517
Montmorillonite,Clay,5.46875,4.6875,13.28125,18.75,50.78125,0.78125,2.34375,0.78125,1.5625,0.78125,0,0,0,0.78125
Montmorillonite,Clay,5.673758865,3.546099291,13.4751773,19.85815603,51.77304965,0.709219858,1.418439716,0.709219858,1.418439716,0.709219858,0,0,0,0.709219858
Montmorillonite,Clay,3.787878788,2.272727273,13.63636364,20.45454545,55.3030303,0,1.515151515,0.757575758,0.757575758,0.757575758,0,0,0,0.757575758
Montmorillonite,Clay,2.614379085,1.307189542,13.07189542,21.56862745,58.16993464,0,1.307189542,0.653594771,0.653594771,0,0,0,0,0.653594771
Montmorillonite,Clay,1.234567901,2.469135802,13.16872428,20.57613169,55.96707819,0.411522634,1.646090535,0.823045267,1.646090535,0.823045267,0.411522634,0,0,0.823045267
Montmorillonite,Clay,0,0.896860987,12.10762332,21.07623318,59.64125561,0,0.896860987,0.896860987,1.34529148,1.34529148,0.448430493,0.448430493,0,0.896860987
Montmorillonite,Clay,4.347826087,3.260869565,13.04347826,20.65217391,54.34782609,0,1.086956522,1.086956522,1.086956522,0,0,0,0,1.086956522
Montmorillonite,Clay,6.349206349,4.761904762,12.6984127,19.04761905,52.38095238,1.587301587,1.587301587,0,1.587301587,0,0,0,0,0
Montmorillonite,Clay,7,4,13,19,50,1,2,1,1,1,0,0,0,1
Montmorillonite,Clay,4.545454545,3.409090909,13.06818182,19.88636364,53.40909091,0.568181818,2.272727273,0.568181818,1.136363636,0.568181818,0,0,0,0.568181818
Montmorillonite,Clay,3.076923077,2.307692308,13.07692308,20.76923077,55.38461538,0,1.538461538,0.769230769,1.538461538,0.769230769,0,0,0,0.769230769
Montmorillonite,Clay,0,0.613496933,11.04294479,20.85889571,62.57668712,0,0,0.613496933,0.613496933,1.840490798,0.613496933,0,0,1.226993865
Montmorillonite,Clay,2.941176471,2.941176471,13.23529412,20.09803922,54.90196078,0.490196078,1.960784314,0.980392157,1.470588235,0.490196078,0,0,0,0.490196078
Montmorillonite,Clay,2.02020202,1.01010101,14.14141414,21.21212121,59.5959596,0,1.01010101,0,0,0,0,0,0,1.01010101
Montmorillonite,Clay,0.408163265,1.224489796,12.65306122,21.2244898,60,0,1.224489796,0.816326531,0.816326531,0.816326531,0,0,0,0.816326531
Montmorillonite,Clay,3.370786517,2.247191011,13.48314607,20.78651685,56.17977528,0,1.123595506,1.123595506,0.561797753,0.561797753,0,0,0,0.561797753
Montmorillonite,Clay,0,0.925925926,13.88888889,22.22222222,60.18518519,0,0.925925926,0.925925926,0,0,0,0,0,0.925925926
Montmorillonite,Clay,2.941176471,2.941176471,13.23529412,20.58823529,57.35294118,0,1.470588235,0,0,0,0,0,0,1.470588235
Montmorillonite,Clay,3.488372093,2.325581395,12.79069767,20.93023256,56.97674419,0,1.162790698,0,1.162790698,0,0,0,0,1.162790698
Montmorillonite,Clay,0,0,12.12121212,21.96969697,62.87878788,0,0.757575758,0.757575758,0.757575758,0,0,0,0,0.757575758
Montmorillonite,Clay,0,0.483091787,12.56038647,21.73913043,61.352657,0,0.966183575,0.483091787,0.966183575,0.483091787,0,0,0,0.966183575
Muscovite (var. Illite),Clay,9.848484848,3.03030303,3.787878788,25.75757576,43.18181818,2.272727273,1.515151515,0.757575758,7.575757576,0,0,0,0,2.272727273
Muscovite (var. Illite),Clay,0,0,1.793721973,29.59641256,45.73991031,0,0,0,16.14349776,0.896860987,1.34529148,0.448430493,0.448430493,3.587443946
Muscovite (var. Illite),Clay,3.448275862,0,0,41.37931034,48.27586207,0,0,0,3.448275862,0,0,0,0,3.448275862
Muscovite (var. Illite),Clay,1.785714286,0,1.785714286,30.35714286,51.78571429,0,0,0,7.142857143,0,3.571428571,0,0,3.571428571
Muscovite (var. Illite),Clay,6.862745098,1.960784314,3.921568627,26.47058824,46.07843137,1.960784314,0.980392157,0,7.843137255,0,0.980392157,0,0,2.941176471
Muscovite (var. Illite),Clay,3.797468354,0,3.164556962,27.21518987,50,1.898734177,1.265822785,0,8.860759494,0,0.632911392,0,0,3.164556962
Muscovite (var. Illite),Clay,6.779661017,1.694915254,3.389830508,27.11864407,49.15254237,0,0,0,6.779661017,0,0,0,0,5.084745763
Muscovite (var. Illite),Clay,9.090909091,3.636363636,3.636363636,21.81818182,47.27272727,1.818181818,1.818181818,0,7.272727273,0,0,0,0,3.636363636
Muscovite (var. Illite),Clay,0,0,3.225806452,29.03225806,50.53763441,1.075268817,1.075268817,0,10.75268817,0,1.075268817,0,0,3.225806452
Muscovite (var. Illite),Clay,6.451612903,1.612903226,4.838709677,27.41935484,46.77419355,1.612903226,1.612903226,0,6.451612903,0,0,0,0,3.225806452
Muscovite (var. Illite),Clay,6.593406593,3.296703297,3.296703297,31.86813187,41.75824176,1.098901099,1.098901099,0,8.791208791,0,0,0,0,2.197802198
Muscovite (var. Illite),Clay,11.2244898,3.06122449,3.06122449,24.48979592,42.85714286,2.040816327,2.040816327,1.020408163,7.142857143,0,0,0,0,3.06122449
Muscovite (var. Illite),Clay,6.557377049,1.639344262,3.278688525,27.86885246,45.90163934,1.639344262,1.639344262,0,8.196721311,0,0,0,0,3.278688525
Muscovite (var. Illite),Clay,4.545454545,0,4.545454545,27.27272727,54.54545455,0,0,0,4.545454545,0,0,0,0,4.545454545
Muscovite (var. Illite),Clay,3.571428571,0,3.571428571,28.57142857,53.57142857,0,0,0,7.142857143,0,0,0,0,3.571428571
Muscovite (var. Illite),Clay,13.79310345,3.448275862,3.448275862,24.13793103,44.82758621,0,0,0,6.896551724,0,0,0,0,3.448275862
Muscovite (var. Illite),Clay,9.574468085,3.191489362,3.191489362,24.46808511,44.68085106,2.127659574,2.127659574,0,7.446808511,0,0,0,0,3.191489362
Muscovite (var. Illite),Clay,10.81081081,2.702702703,2.702702703,27.02702703,40.54054054,2.702702703,2.702702703,0,5.405405405,2.702702703,0,0,0,2.702702703
Muscovite (var. Illite),Clay,7.042253521,2.816901408,1.408450704,38.02816901,39.43661972,2.816901408,1.408450704,0,5.633802817,0,0,0,0,1.408450704
Muscovite (var. Illite),Clay,2.173913043,0,2.898550725,28.98550725,50.72463768,1.449275362,0.724637681,0,9.420289855,0,0,0,0,3.623188406
Muscovite (var. Illite),Clay,9.090909091,4.545454545,4.545454545,27.27272727,45.45454545,0,0,0,4.545454545,0,0,0,0,4.545454545
Muscovite (var. Illite),Clay,5.882352941,0,2.941176471,29.41176471,50,0,0,0,5.882352941,0,0,0,0,5.882352941
Muscovite (var. Illite),Clay,10.34482759,3.448275862,3.448275862,27.5862069,44.82758621,0,0,0,6.896551724,0,0,0,0,3.448275862
Muscovite (var. Illite),Clay,13.63636364,4.545454545,4.545454545,22.72727273,45.45454545,0,0,0,4.545454545,0,0,0,0,4.545454545
Muscovite (var. Illite),Clay,14.28571429,2.857142857,5.714285714,22.85714286,40,2.857142857,0,0,5.714285714,0,0,0,0,5.714285714
Muscovite (var. Illite),Clay,6.153846154,3.076923077,3.076923077,33.84615385,38.46153846,1.538461538,1.538461538,0,10.76923077,0,0,0,0,1.538461538
Muscovite (var. Illite),Clay,9.090909091,1.818181818,3.636363636,25.45454545,45.45454545,1.818181818,1.818181818,0,7.272727273,0,0,0,0,3.636363636
Muscovite (var. Illite),Clay,4.938271605,1.234567901,3.703703704,23.45679012,50.61728395,1.234567901,1.234567901,0,8.641975309,0,1.234567901,0,0,3.703703704
Oligoclase,Feldspar,0,9.756097561,0,26.2195122,52.43902439,0,0,0,1.829268293,9.756097561,0,0,0,0
Oligoclase,Feldspar,0,7.650273224,0,25.13661202,49.18032787,0,0,0,1.639344262,16.39344262,0,0,0,0
Oligoclase,Feldspar,1.020408163,17.85714286,0.510204082,24.48979592,47.44897959,0.510204082,1.020408163,0,1.530612245,5.612244898,0,0,0,0
Oligoclase,Feldspar,0.526315789,16.84210526,0,25.26315789,48.42105263,0.526315789,0.526315789,0,1.578947368,6.315789474,0,0,0,0
Oligoclase,Feldspar,0,16.4021164,0,25.3968254,49.20634921,0.529100529,0.529100529,0,1.587301587,6.349206349,0,0,0,0
Oligoclase,Feldspar,2.222222222,18.88888889,0,24.44444444,45.55555556,1.111111111,1.111111111,0,1.111111111,5.555555556,0,0,0,0
Oligoclase,Feldspar,5.202312139,19.07514451,0.578034682,23.12138728,44.50867052,0.578034682,0.578034682,0.578034682,1.156069364,4.624277457,0,0,0,0
Oligoclase,Feldspar,0,9.665427509,0,26.02230483,53.90334572,0,0,0,1.486988848,8.921933086,0,0,0,0
Oligoclase,Feldspar,0,16.78832117,0,25.18248175,50,0.364963504,0.364963504,0,1.459854015,5.839416058,0,0,0,0
Oligoclase,Feldspar,0,14.453125,0,25.78125,51.171875,0,0.390625,0,1.5625,6.640625,0,0,0,0
Oligoclase,Feldspar,6.382978723,20.21276596,0,22.34042553,43.61702128,1.063829787,1.063829787,0,1.063829787,4.255319149,0,0,0,0
Oligoclase,Feldspar,1.229508197,17.62295082,0.409836066,24.59016393,47.54098361,0.409836066,0.819672131,0.409836066,1.639344262,5.327868852,0,0,0,0
Oligoclase,Feldspar,2.702702703,17.83783784,0,24.32432432,47.56756757,0.540540541,0.540540541,0,1.621621622,4.864864865,0,0,0,0
Oligoclase,Feldspar,0,17.05426357,0,24.80620155,48.8372093,0.775193798,0.775193798,0,1.550387597,6.201550388,0,0,0,0
Oligoclase,Feldspar,5.737704918,19.67213115,0.819672131,22.95081967,42.62295082,0.819672131,0.819672131,0,1.639344262,4.918032787,0,0,0,0
Oligoclase,Feldspar,8.396946565,20.61068702,0.763358779,21.3740458,39.69465649,0.763358779,1.526717557,0.763358779,1.526717557,4.580152672,0,0,0,0
Oligoclase,Feldspar,0,16.4874552,0,25.08960573,49.82078853,0.358422939,0.716845878,0,1.433691756,6.093189964,0,0,0,0
Oligoclase,Feldspar,7.211538462,20.19230769,0.961538462,21.63461538,40.86538462,0.961538462,1.442307692,0.480769231,1.923076923,4.326923077,0,0,0,0
Oligoclase,Feldspar,6.481481481,20.37037037,0.925925926,22.22222222,41.66666667,0.925925926,0.925925926,0,1.851851852,4.62962963,0,0,0,0
Oligoclase,Feldspar,0,16.94915254,0,25.42372881,49.15254237,0,0,0,1.694915254,6.779661017,0,0,0,0
Oligoclase,Feldspar,0,15.38461538,0,25.27472527,50,0.549450549,0.549450549,0,1.648351648,6.593406593,0,0,0,0
Oligoclase,Feldspar,1.408450704,17.84037559,0.469483568,23.94366197,46.47887324,0.938967136,0.938967136,0.469483568,1.877934272,5.633802817,0,0,0,0
Oligoclase,Feldspar,2.645502646,17.98941799,0.529100529,23.80952381,46.03174603,0.529100529,1.058201058,0.529100529,1.587301587,5.291005291,0,0,0,0
Oligoclase,Feldspar,2.53164557,18.14345992,0.421940928,24.05063291,45.99156118,0.421940928,0.843881857,0.421940928,1.687763713,5.485232068,0,0,0,0
Oligoclase,Feldspar,4.294478528,19.01840491,0,23.92638037,45.39877301,0.613496933,0.613496933,0,1.226993865,4.90797546,0,0,0,0
Oligoclase,Feldspar,0,13.95348837,0,26.04651163,51.62790698,0,0,0,1.395348837,6.976744186,0,0,0,0
Oligoclase,Feldspar,4.705882353,20,0,23.52941176,44.70588235,0,1.176470588,0,1.176470588,4.705882353,0,0,0,0
Oligoclase,Feldspar,0.934579439,17.75700935,0,25.23364486,47.6635514,0,0.934579439,0,1.869158879,5.607476636,0,0,0,0
Oligoclase,Feldspar,0,16.49484536,0,25.77319588,50.51546392,0,0,0,1.030927835,6.18556701,0,0,0,0
Oligoclase,Feldspar,1.315789474,18.42105263,0,25,47.36842105,0,1.315789474,0,1.315789474,5.263157895,0,0,0,0
Oligoclase,Feldspar,6.666666667,20,0,22.22222222,42.22222222,0,2.222222222,0,2.222222222,4.444444444,0,0,0,0
Oligoclase,Feldspar,1.058201058,17.46031746,0,24.86772487,49.20634921,0.529100529,0.529100529,0,1.058201058,5.291005291,0,0,0,0
Oligoclase,Feldspar,3.773584906,18.86792453,0,23.89937107,45.91194969,0.628930818,0.628930818,0,1.257861635,5.031446541,0,0,0,0
Oligoclase,Feldspar,0.966183575,17.39130435,0.483091787,24.63768116,47.82608696,0.483091787,0.483091787,0.483091787,1.449275362,5.797101449,0,0,0,0
Oligoclase,Feldspar,4,18.66666667,0,24,45.33333333,1.333333333,0,0,1.333333333,5.333333333,0,0,0,0
Oligoclase,Feldspar,2.564102564,19.23076923,0,24.35897436,46.15384615,0,1.282051282,0,1.282051282,5.128205128,0,0,0,0
Oligoclase,Feldspar,4.301075269,19.35483871,1.075268817,22.58064516,43.01075269,1.075268817,1.075268817,0,2.150537634,5.376344086,0,0,0,0
Oligoclase,Feldspar,1.098901099,17.03296703,0,25.27472527,48.35164835,0.549450549,0.549450549,0,1.648351648,5.494505495,0,0,0,0
Oligoclase,Feldspar,4.494382022,20.2247191,0,23.59550562,44.94382022,0,1.123595506,0,1.123595506,4.494382022,0,0,0,0
Oligoclase,Feldspar,4.504504505,18.91891892,0.45045045,22.97297297,44.14414414,0.900900901,0.900900901,0.45045045,1.801801802,4.954954955,0,0,0,0
Oligoclase,Feldspar,0,12.76595745,0,25.53191489,51.06382979,0,0.425531915,0,1.70212766,7.659574468,0.425531915,0.425531915,0,0
Oligoclase,Feldspar,4.366812227,19.2139738,0.436681223,23.1441048,43.66812227,0.873362445,1.310043668,0.436681223,1.746724891,4.80349345,0,0,0,0
Oligoclase,Feldspar,0,11.47540984,0,25.57377049,51.47540984,0.327868852,0.327868852,0,1.967213115,8.196721311,0.327868852,0.327868852,0,0
Oligoclase,Feldspar,5.882352941,20,0.588235294,22.35294118,41.76470588,1.176470588,1.176470588,0.588235294,1.764705882,4.705882353,0,0,0,0
Oligoclase,Feldspar,5.913978495,19.89247312,0.537634409,22.58064516,42.47311828,0.537634409,1.075268817,0.537634409,1.612903226,4.838709677,0,0,0,0
Oligoclase,Feldspar,2.43902439,18.04878049,0.487804878,23.90243902,46.34146341,0.487804878,0.975609756,0.487804878,1.463414634,5.365853659,0,0,0,0
Oligoclase,Feldspar,1.111111111,19.44444444,0,24.44444444,47.77777778,0.555555556,0.555555556,0,1.111111111,5,0,0,0,0
Pigeonite,Pyroxene,0.4995005,0,29.17082917,6.793206793,47.65234765,0,0.3996004,0,0.0999001,0.699300699,0.0999001,0,0.0999001,14.48551449
Pigeonite,Pyroxene,0.700700701,0,29.82982983,6.706706707,47.64764765,0,0.3003003,0,0.1001001,0.700700701,0.1001001,0,0.1001001,13.81381381
Pigeonite,Pyroxene,1.1,0,30.7,6.7,47.5,0.1,0.3,0,0.1,0.6,0.1,0,0,12.8
Pigeonite,Pyroxene,1.705115346,0,31.19358074,4.613841525,47.94383149,0.100300903,0.401203611,0,0,0.702106319,0.100300903,0,0,13.23971916
Pigeonite,Pyroxene,3.703703704,1.201201201,30.03003003,6.206206206,43.74374374,0.700700701,1.101101101,0.500500501,0.600600601,0.800800801,0.2002002,0,0.1001001,11.11111111
Pigeonite,Pyroxene,0,0,21.3,4.8,38.2,0,0.1,0.2,0.9,2.3,1.5,1,1,28.7
Pigeonite,Pyroxene,1,0.1,29.7,6.3,47.7,0,0.6,0,0.1,1.4,0.1,0,0.1,12.9
Pigeonite,Pyroxene,1.497005988,0.099800399,30.23952096,6.487025948,47.20558882,0.099800399,0.598802395,0,0.099800399,0.998003992,0.099800399,0,0.099800399,12.4750499
Pigeonite,Pyroxene,0.3003003,0,28.12812813,6.506506507,46.84684685,0,0.1001001,0,0.1001001,0.900900901,0.1001001,0,0.1001001,16.91691692
Pigeonite,Pyroxene,4.704704705,1.901901902,28.52852853,6.906906907,42.84284284,0.600600601,1.601601602,0.3003003,0.3003003,2.502502503,0.1001001,0,0,9.70970971
Pigeonite,Pyroxene,0.700700701,0,29.02902903,6.506506507,47.14714715,0,0.2002002,0,0,1.101101101,0.2002002,0,0.1001001,15.01501502
Pigeonite,Pyroxene,0.501002004,0,29.35871743,5.711422846,47.89579158,0,0.400801603,0,0.100200401,1.102204409,0.100200401,0,0.100200401,14.72945892
Pigeonite,Pyroxene,0.699300699,0,28.67132867,6.993006993,47.35264735,0.0999001,0.1998002,0,0.0999001,2.997002997,0.1998002,0,0.0999001,12.58741259
Pigeonite,Pyroxene,3.788634098,2.193419741,27.71684945,6.979062812,42.47258225,0.897308076,2.093718843,0.398803589,0.697906281,0.797607178,0.099700897,0,0.099700897,11.76470588
Pigeonite,Pyroxene,0.900900901,0,30.23023023,6.706706707,47.44744745,0,0.3003003,0,0.1001001,0.500500501,0.1001001,0,0.1001001,13.61361361
Pigeonite,Pyroxene,0,0,27.34530938,6.586826347,46.20758483,0,0.099800399,0,0.199600798,1.497005988,0.399201597,0.099800399,0.199600798,17.36526946
Pigeonite,Pyroxene,0,0,27.3,6.6,47.3,0,0.2,0,0.2,1.1,0.1,0,0.1,17.1
Pigeonite,Pyroxene,0.3996004,0,30.16983017,6.093906094,48.25174825,0.0999001,0.1998002,0,0.0999001,0.599400599,0.0999001,0,0.0999001,13.88611389
Pigeonite,Pyroxene,0.3003003,0,29.42942943,6.506506507,48.14814815,0,0.1001001,0,0.1001001,0.700700701,0.1001001,0,0.1001001,14.51451451
Pigeonite,Pyroxene,0,0.5,26.9,6.3,45.8,0.4,1.3,0.1,0.4,0.7,0.1,0,0.1,17.4
Pigeonite,Pyroxene,2.497502498,1.898101898,27.07292707,7.592407592,43.75624376,0.699300699,2.097902098,0.2997003,0.699300699,1.998001998,0.2997003,0,0,11.08891109
Pigeonite,Pyroxene,0.700700701,0,29.32932933,6.406406406,47.34734735,0,0.2002002,0,0.1001001,0.800800801,0.500500501,0,0.2002002,14.41441441
Pigeonite,Pyroxene,0,0,26.9,6.3,46.1,0,0.5,0,0.2,1,0.1,0,0.1,18.8
Pigeonite,Pyroxene,0,0,29.22922923,6.406406406,47.94794795,0,0.3003003,0,0.1001001,0.900900901,0.2002002,0,0.1001001,14.81481481
Pigeonite,Pyroxene,0,0,28.6,5,47,0,0.1,0,0.1,1,0.4,0.1,0.2,17.5
Pigeonite,Pyroxene,3.496503497,1.698301698,29.87012987,6.493506494,43.25674326,0.799200799,1.298701299,0.4995005,0.599400599,0.699300699,0.1998002,0,0.0999001,10.98901099
Pigeonite,Pyroxene,0.0999001,0,29.57042957,6.693306693,47.95204795,0,0.1998002,0,0.0999001,0.699300699,0.0999001,0,0.0999001,14.48551449
Pigeonite,Pyroxene,2.1,0.1,30,6.2,46.8,0.1,0.7,0,0.1,1.8,0.1,0,0,12
Pigeonite,Pyroxene,1.7,0.4,28.9,7.4,46.6,0.1,0.6,0,0.1,2,0.1,0,0,12.1
Pigeonite,Pyroxene,0.4004004,0,28.22822823,6.206206206,46.14614615,0,0.4004004,0,0.1001001,1.001001001,0.1001001,0,0.1001001,17.31731732
Pigeonite,Pyroxene,2.297702298,1.198801199,28.37162837,7.492507493,43.95604396,0.699300699,1.398601399,0.2997003,0.3996004,0.699300699,0.0999001,0,0.0999001,12.98701299
Pigeonite,Pyroxene,0,0.1001001,25.32532533,5.805805806,43.04304304,0,0.500500501,0,0.500500501,1.701701702,0.600600601,0.2002002,0.4004004,21.82182182
Pigeonite,Pyroxene,0,0.0999001,23.97602398,4.795204795,39.16083916,0,0.2997003,0,0.2997003,1.298701299,0.0999001,0.0999001,0.599400599,29.27072927
Pigeonite,Pyroxene,0.9,0,30.3,6.3,47.5,0.1,0.2,0,0.1,0.6,0.1,0,0.1,13.8
Palygorskite,Clay,1.7,1.4,13.9,14.6,59.9,1.7,3.5,0.7,1.3,1.1,0.1,0,0,0.1
Palygorskite,Clay,0.900900901,0.600600601,11.91191191,12.71271271,66.46646647,1.201201201,3.003003003,0.700700701,1.401401401,0.900900901,0.1001001,0,0,0.1001001
Palygorskite,Clay,0.8,1.4,14.2,14.8,61.4,1.9,2.8,0.8,1.2,0.5,0.1,0,0,0.1
Palygorskite,Clay,0,0.1,13.7,14.7,65.3,1,2.1,0.6,1.1,1.2,0.1,0,0,0.1
Palygorskite,Clay,0,0.4995005,11.98801199,15.28471528,65.43456543,1.498501499,2.297702298,0.999000999,1.098901099,0.599400599,0.0999001,0,0,0.1998002
Palygorskite,Clay,0.599400599,0.999000999,13.68631369,14.78521479,61.73826174,1.898101898,2.897102897,0.899100899,1.098901099,1.198801199,0.0999001,0,0,0.0999001
Palygorskite,Clay,0,0,11.17764471,13.57285429,70.35928144,1.29740519,2.295409182,0.199600798,0.199600798,0.399201597,0,0.099800399,0.099800399,0.299401198
Palygorskite,Clay,0,0,13,15.1,65.8,1.1,1.7,0.6,0.9,1.6,0.1,0,0,0.1
Palygorskite,Clay,0,0,13.51351351,15.01501502,66.76676677,1.801801802,1.701701702,0.3003003,0.1001001,0.1001001,0,0.1001001,0.2002002,0.4004004
Palygorskite,Clay,0,0.200400802,12.2244489,14.12825651,68.03607214,1.30260521,1.603206413,0.601202405,1.102204409,0.601202405,0.100200401,0,0,0.100200401
Palygorskite,Clay,0.5,1.4,13.1,14.7,62.7,2.1,2.2,0.8,0.9,1.4,0.1,0,0,0.1
Palygorskite,Clay,1.598401598,2.697302697,12.88711289,14.28571429,57.04295704,4.195804196,3.096903097,0.899100899,1.498501499,0.899100899,0.3996004,0.0999001,0.0999001,0.2997003
Palygorskite,Clay,0,0,13.21321321,15.31531532,66.26626627,1.901901902,2.102102102,0.2002002,0.1001001,0.4004004,0,0.1001001,0.1001001,0.3003003
Palygorskite,Clay,0,0.1001001,13.01301301,14.91491491,64.26426426,3.903903904,2.702702703,0.4004004,0.2002002,0,0,0.1001001,0.1001001,0.3003003
Palygorskite,Clay,0,0,11.51151151,14.21421421,70.57057057,2.602602603,0.800800801,0,0,0,0.1001001,0,0,0.2002002
Palygorskite,Clay,0,0,11.91191191,14.71471471,71.77177177,0.2002002,0.4004004,0,0.1001001,0.4004004,0.1001001,0,0.1001001,0.3003003
Palygorskite,Clay,0,0.4004004,12.91291291,15.01501502,64.86486486,2.802802803,2.402402402,0.600600601,0.2002002,0.1001001,0,0.1001001,0.1001001,0.500500501
Palygorskite,Clay,0,0,12.6,14.8,64.1,3,3.3,0.7,0.2,0.4,0,0.2,0.3,0.4
Palygorskite,Clay,3.003003003,2.802802803,14.11411411,14.01401401,56.15615616,3.103103103,3.103103103,0.900900901,1.601601602,0.600600601,0.3003003,0.1001001,0.1001001,0.1001001
Palygorskite,Clay,1.198801199,1.098901099,13.98601399,14.38561439,61.53846154,1.298701299,3.296703297,0.699300699,1.498501499,0.799200799,0.0999001,0,0,0.0999001
Palygorskite,Clay,0.6,2,13.2,14.5,59.7,3.1,3,1,1.4,0.7,0.3,0.1,0.1,0.3
Palygorskite,Clay,0,0,11.91191191,14.91491491,71.97197197,0.3003003,0.3003003,0,0,0.3003003,0.1001001,0,0,0.2002002
Palygorskite,Clay,0,0,12.3246493,14.72945892,67.93587174,0.701402806,1.603206413,0.501002004,0.701402806,1.30260521,0.100200401,0,0,0.100200401
Palygorskite,Clay,0,0,13.5,15,68.2,0.3,1.9,0,0.7,0.2,0.1,0,0,0.1
Palygorskite,Clay,0,0,4.704704705,6.706706707,83.98398398,0.2002002,1.701701702,0.2002002,1.201201201,1.101101101,0.1001001,0,0,0.1001001
Palygorskite,Clay,0,0,11.3,14.5,73.2,0.1,0.2,0,0.1,0.2,0.1,0.1,0,0.2
Palygorskite,Clay,0.800800801,1.901901902,13.91391391,14.81481481,60.56056056,2.102102102,2.102102102,1.001001001,1.301301301,0.700700701,0.4004004,0.1001001,0.1001001,0.2002002
Palygorskite,Clay,0,0.0999001,11.88811189,15.38461538,65.73426573,0.999000999,2.497502498,0.699300699,1.298701299,0.699300699,0.0999001,0,0.0999001,0.4995005
Palygorskite,Clay,0,0,10.88911089,14.08591409,71.32867133,0,0.999000999,0.1998002,0.899100899,0.699300699,0.2997003,0.1998002,0.0999001,0.2997003
Palygorskite,Clay,0.998003992,0.798403194,13.97205589,14.37125749,62.2754491,1.19760479,3.293413174,0.698602794,1.497005988,0.698602794,0.099800399,0,0,0.099800399
Palygorskite,Clay,0,0.1001001,12.51251251,14.51451451,65.46546547,0.600600601,3.503503504,0.500500501,1.501501502,1.001001001,0.1001001,0,0,0.2002002
Palygorskite,Clay,0,0,12.73821464,14.54363089,66.90070211,1.003009027,2.006018054,0.702106319,0.902708124,0.902708124,0.100300903,0,0,0.200601805
Palygorskite,Clay,0,0.898203593,12.9740519,14.07185629,60.47904192,2.195608782,3.69261477,0.998003992,1.696606786,2.594810379,0.099800399,0.099800399,0.099800399,0.099800399
Palygorskite,Clay,0,0,13.01301301,15.11511512,67.36736737,0.900900901,1.301301301,0.600600601,1.001001001,0.3003003,0.1001001,0.1001001,0.1001001,0.1001001
Palygorskite,Clay,0,0,11.6,14.7,72.7,0,0.4,0,0.1,0.2,0.1,0,0,0.2
Spinel,Spinel,0,0,22.2,55.6,0.1,0,0.1,0.2,0.6,0.2,0.3,0.5,0.5,19.7
Spinel,Spinel,0,0,24.42442442,66.26626627,1.801801802,0.1001001,0.1001001,0,0.700700701,0,0,0,0,6.606606607
Spinel,Spinel,0,0,24.8,67.5,0.6,0.5,0,0,0.1,0,0,0,0,6.5
Spinel,Spinel,0,0,24.87512488,66.43356643,0.0999001,0.2997003,0,0,0.1998002,0,0,0.0999001,0,7.992007992
Spinel,Spinel,0,0,24.8,68.4,0.2,0.2,0,0.1,0.1,0,0,0,0,6.2
Spinel,Spinel,0,0,25.0501002,67.93587174,0.100200401,0.100200401,0,0,0.100200401,0,0,0,0,6.713426854
Spinel,Spinel,0,0,25.02502503,68.06806807,0.2002002,0,0,0,0.1001001,0,0,0,0,6.606606607
Spinel,Spinel,0,0,24.72472472,66.36636637,0.1001001,0.1001001,0,0,0.3003003,0,0,0.1001001,0,8.308308308
Spinel,Spinel,0,0,25,67.8,0.1,0,0,0,0.1,0,0,0.1,0,6.9
Spinel,Spinel,0,0,24.32432432,67.56756757,0.600600601,1.501501502,0,0.2002002,0,0,0,0,0,5.805805806
Spinel,Spinel,0,0,24.6,65.6,0.2,0.8,0,0.1,0.2,0,0.1,0.1,0,8.3
Spinel,Spinel,0,0,24.62462462,67.16716717,0,0.4004004,0,0.1001001,0.2002002,0,0,0.1001001,0,7.407407407
Spinel,Spinel,0,0,22.04408818,65.33066132,3.507014028,0.300601202,0,0.100200401,0.300601202,0,0.100200401,0.100200401,0.100200401,8.116232465
Spinel,Spinel,0,0,21.57842158,53.94605395,0,0,0,0,0.3996004,0.599400599,1.298701299,1.498501499,1.098901099,19.58041958
Spinel,Spinel,0,0,23.92392392,65.16516517,1.001001001,0.2002002,0,0.1001001,0.3003003,0.1001001,0.1001001,0.1001001,0.1001001,8.908908909
Spinel,Spinel,0,0,22.47752248,58.14185814,0.2997003,0,0.1998002,0.1998002,0.599400599,0.1998002,0.1998002,0.1998002,0.0999001,17.38261738
Spinel,Spinel,0,0,24.7,66.5,0.1,0.2,0,0,0.2,0,0.1,0.1,0,8.1
Spinel,Spinel,0,0,24.2,64.7,0.6,0.6,0,0.1,0.2,0,0.1,0.1,0.1,9.3
Spinel,Spinel,0,0.3003003,24.42442442,66.16616617,0.700700701,2.702702703,0,0.4004004,0,0,0,0,0,5.305305305
Spinel,Spinel,0,0,24.6,64.6,0.2,0.5,0,0,0.2,0,0.1,0.1,0.1,9.6
Spinel,Spinel,0,0,23.1,65.1,1.3,0.1,0,0.1,0.3,0.1,0.1,0.1,0.1,9.6
Spinel,Spinel,0,0,24.9,67,0,0,0.1,0,0.1,0,0,0.1,0.1,7.7
Spinel,Spinel,0,0.2,24.3,66.7,1.1,2,0,0.2,0,0,0,0,0,5.5
Spinel,Spinel,0,0,24.8,67.9,0.1,0.7,0,0.1,0.1,0,0,0,0,6.3
Spinel,Spinel,0,0,25.02502503,68.06806807,0.1001001,0.4004004,0,0.1001001,0.1001001,0,0,0,0,6.206206206
Spinel,Spinel,0,0,25.12512513,67.66766767,0.1001001,0.900900901,0,0.1001001,0,0,0,0,0,6.106106106
Spinel,Spinel,0,0,24.97502498,67.73226773,0.1998002,0.3996004,0,0,0.0999001,0,0.0999001,0.0999001,0,6.393606394
Spinel,Spinel,0,0,24.32432432,67.56756757,1.201201201,0.800800801,0,0.1001001,0.1001001,0,0.1001001,0,0,5.805805806
Spinel,Spinel,0,0,25.1,67.1,0.1,0.1,0,0,0.1,0,0.1,0.1,0,7.3
Spinel,Spinel,0,0.4004004,23.92392392,65.66566567,1.701701702,3.003003003,0,0.4004004,0,0,0,0,0,4.904904905
Spinel,Spinel,0,0,24.62462462,68.06806807,0.3003003,0.500500501,0,0,0.1001001,0,0,0,0,6.406406406
Spinel,Spinel,0,0,25.0501002,67.83567134,0.200400802,0.400801603,0,0,0.100200401,0,0,0,0,6.412825651
Spinel,Spinel,0,0.1,24.5,66.6,1.1,2,0,0.3,0,0,0,0,0,5.4
Spinel,Spinel,0,0,25.02502503,67.86786787,0.1001001,0.1001001,0,0,0.1001001,0,0,0,0,6.806806807
Spinel,Spinel,0,0,19.96007984,46.40718563,0.399201597,0.099800399,0.499001996,0.798403194,2.195608782,1.796407186,2.694610778,2.49500998,1.696606786,20.95808383
Spinel,Spinel,0,0,24.9498998,67.83567134,0.100200401,0.300601202,0,0,0.100200401,0,0,0,0,6.713426854
Spinel,Spinel,0,0,24.57542458,64.83516484,0.1998002,0.1998002,0,0.0999001,0.3996004,0,0.0999001,0.0999001,0.0999001,9.390609391
Titanite,Titanite,5.805805806,1.001001001,0.500500501,4.904904905,29.72972973,0.2002002,0.4004004,0,0,31.13113113,23.92392392,0.900900901,0.3003003,1.201201201
Titanite,Titanite,5.705705706,0.1001001,0.3003003,5.405405405,30.23023023,0.3003003,0.4004004,0,0,32.53253253,23.92392392,0.1001001,0,1.001001001
Titanite,Titanite,7,1.3,0.7,5.4,29.4,0.3,0.5,0,0,30,22.6,1,0.4,1.4
Titanite,Titanite,5.9,0.2,0.2,5.1,29.6,0.2,0.4,0,0,32.9,24.4,0.1,0,1
Titanite,Titanite,5.5,0.1,0.3,5.2,29.6,0.3,0.3,0,0,33,24.5,0.1,0,1.1
Titanite,Titanite,2.202202202,0,0,4.604604605,29.12912913,0.1001001,0.1001001,0,0,35.83583584,26.72672673,0.1001001,0,1.201201201
Titanite,Titanite,2.102102102,0,0,4.604604605,29.72972973,0.1001001,0.1001001,0,0,35.63563564,26.42642643,0.1001001,0,1.201201201
Titanite,Titanite,0.3003003,0,0,3.403403403,24.42442442,0,0,0,0.1001001,40.54054054,29.32932933,0.2002002,0.1001001,1.601601602
Titanite,Titanite,1.598401598,0,0,4.195804196,28.67132867,0.0999001,0.0999001,0,0,36.66333666,27.27272727,0.1998002,0,1.198801199
Titanite,Titanite,1.6,0,0,3.3,25,0,0.1,0,0,39.3,29,0.2,0.1,1.4
Titanite,Titanite,0.100200401,0,0,3.406813627,26.35270541,0,0,0,0,39.37875752,29.25851703,0.100200401,0,1.402805611
Titanite,Titanite,6.306306306,0.4004004,0.2002002,5.005005005,28.92892893,0.4004004,0.4004004,0,0,32.83283283,24.32432432,0.1001001,0,1.101101101
Titanite,Titanite,5.794205794,0,0.2997003,5.094905095,29.37062937,0.2997003,0.3996004,0,0,33.36663337,24.17582418,0.0999001,0,1.098901099
Titanite,Titanite,6.7,0,0.2,4.9,29,0.3,0.3,0,0,33,24.4,0.1,0,1.1
Titanite,Titanite,5.605605606,0.1001001,0.2002002,5.305305305,30.23023023,0.2002002,0.3003003,0,0,32.73273273,24.22422422,0.1001001,0,1.001001001
Titanite,Titanite,1.201201201,0,0,3.403403403,25.82582583,0,0.1001001,0,0.1001001,38.93893894,28.82882883,0.1001001,0.1001001,1.401401401
Titanite,Titanite,2,0,0,4,28.2,0.1,0.1,0,0,36.8,27.5,0.1,0,1.2
Titanite,Titanite,7.3,0,0.1,4.2,27.8,0.2,0.3,0,0,33.5,25.4,0.1,0,1.1
Titanite,Titanite,0,0,0,0,8.091908092,0,0,0,0,52.54745255,36.96303696,0.1998002,0.0999001,2.097902098
Titanite,Titanite,7.9,2.7,1.2,5.3,27.8,1.2,1,0.2,0.3,28,21.2,1.4,0.4,1.4
Titanite,Titanite,6.706706707,0,0.4004004,5.305305305,30.13013013,0.3003003,0.4004004,0,0,31.83183183,23.82382382,0.1001001,0,1.001001001
Titanite,Titanite,0,0,0,2.702702703,24.02402402,0,0,0,0.1001001,41.04104104,30.43043043,0.2002002,0,1.501501502
Titanite,Titanite,2.1,0,0,4,29.7,0.1,0.1,0,0,35.7,27.1,0.1,0,1.1
Titanite,Titanite,7.615230461,0.100200401,0.300601202,5.110220441,29.65931864,0.300601202,0.300601202,0,0,31.86372745,23.64729459,0.100200401,0,1.002004008
Titanite,Titanite,7.48502994,0.998003992,0.898203593,5.688622754,30.63872255,0.199600798,0.399201597,0,0,30.23952096,22.35528942,0.099800399,0,0.998003992
Titanite,Titanite,2.6,0,0,4.6,30,0.1,0.1,0,0,35.2,26.1,0.1,0,1.2
Titanite,Titanite,3.103103103,0,0.1001001,4.704704705,29.12912913,0.4004004,0.3003003,0,0,35.03503504,25.92592593,0.1001001,0,1.201201201
Titanite,Titanite,4.008016032,0,0.200400802,5.210420842,30.36072144,0.300601202,0.300601202,0,0,33.66733467,24.8496994,0.100200401,0,1.002004008
Titanite,Titanite,5.5,0.1,0.1,5.1,29.6,0.3,0.4,0,0,33.1,24.7,0.1,0,1
Titanite,Titanite,0.4,0,0,3.3,25.7,0,0.1,0,0.1,39.5,29.2,0.2,0,1.5
Titanite,Titanite,6.606606607,0.500500501,0.3003003,5.205205205,30.23023023,0.3003003,0.4004004,0,0,31.73173173,23.72372372,0.1001001,0,0.900900901
Titanite,Titanite,11.67664671,4.790419162,1.996007984,5.788423154,26.24750499,1.19760479,1.19760479,0.299401198,0.299401198,24.5508982,18.96207585,1.29740519,0.399201597,1.29740519
Titanite,Titanite,2.4,0,0,4.5,29.3,0.1,0.1,0,0,35.8,26.5,0.1,0,1.2
Titanite,Titanite,10.4,0.9,0.3,5.2,30.1,0.4,0.5,0,0,29.3,21.9,0.1,0,0.9
Titanite,Titanite,6.7,0.7,0.7,5.5,30.6,0.4,0.4,0,0,30.9,23.1,0.1,0,0.9
Titanite,Titanite,5.089820359,0.199600798,0.798403194,5.588822355,31.03792415,0.399201597,0.299401198,0,0,31.73652695,23.65269461,0.099800399,0,1.097804391
Titanite,Titanite,1.9,0,0,4.2,30.3,0.1,0.1,0,0,35.2,27,0.1,0,1.1
Titanite,Titanite,4.6,0.1,0.2,5.1,29.7,0.4,0.3,0,0,33.3,25,0.1,0,1.2
Titanite,Titanite,6.093906094,0.0999001,0.1998002,4.695304695,31.26873127,0.2997003,0.1998002,0,0,31.56843157,24.47552448,0.0999001,0,0.999000999
Vermiculite,Clay,6.177606178,2.316602317,25.86872587,12.35521236,31.27413127,1.930501931,1.544401544,0.772200772,7.722007722,1.930501931,1.544401544,0.386100386,0,6.177606178
Vermiculite,Clay,12.5,1.785714286,26.78571429,12.5,30.35714286,1.785714286,0,0,7.142857143,0,0,0,0,7.142857143
Vermiculite,Clay,7.5,0,27.5,15,35,0,0,0,7.5,0,0,0,0,7.5
Vermiculite,Clay,2.150537634,0.537634409,27.41935484,13.44086022,35.48387097,1.075268817,0.537634409,0,8.602150538,0.537634409,1.075268817,0,0,9.139784946
Vermiculite,Clay,8.695652174,2.173913043,26.95652174,13.04347826,31.30434783,1.304347826,0.869565217,0.434782609,7.391304348,0.869565217,0.869565217,0,0,6.086956522
Vermiculite,Clay,8.571428571,2.857142857,20,11.42857143,37.14285714,0,0,0,5.714285714,0,0,0,0,14.28571429
Vermiculite,Clay,2.45398773,0,28.2208589,14.11042945,36.19631902,0.613496933,0.613496933,0,7.36196319,0.613496933,1.226993865,0,0,8.588957055
Vermiculite,Clay,13.55932203,1.694915254,27.11864407,13.55932203,30.50847458,0,0,0,5.084745763,0,1.694915254,0,0,6.779661017
Vermiculite,Clay,8.860759494,1.265822785,27.84810127,12.65822785,32.91139241,1.265822785,0,0,6.329113924,0,1.265822785,0,0,7.594936709
Vermiculite,Clay,15.09433962,1.886792453,26.41509434,13.20754717,30.18867925,0,0,0,5.660377358,0,0,0,0,7.547169811
Vermiculite,Clay,1.136363636,0,28.40909091,13.63636364,35.22727273,1.136363636,0,0,9.090909091,1.136363636,1.136363636,0,0,9.090909091
Vermiculite,Clay,17.39130435,4.347826087,24.8447205,11.18012422,26.70807453,1.863354037,1.242236025,0.621118012,5.590062112,0.621118012,0.621118012,0,0,4.968944099
Vermiculite,Clay,2,0,28,13,35,1,0,0,9,1,1,0,0,10
Vermiculite,Clay,12.65060241,3.012048193,26.5060241,12.04819277,29.51807229,1.807228916,1.204819277,0.602409639,6.024096386,0.602409639,0.602409639,0,0,5.421686747
Vermiculite,Clay,8.256880734,2.752293578,25.68807339,12.8440367,30.27522936,1.834862385,0.917431193,0.917431193,7.339449541,0.917431193,0.917431193,0,0,7.339449541
Vermiculite,Clay,16.66666667,3.703703704,27.77777778,11.11111111,27.77777778,1.851851852,0,0,5.555555556,0,0,0,0,5.555555556
Vermiculite,Clay,23.28767123,4.109589041,23.28767123,10.95890411,26.02739726,1.369863014,0,0,5.479452055,0,0,0,0,5.479452055
Vermiculite,Clay,24.59016393,4.918032787,22.95081967,11.47540984,24.59016393,1.639344262,0,0,4.918032787,0,0,0,0,4.918032787
Vermiculite,Clay,25.37313433,4.47761194,23.88059701,10.44776119,23.88059701,1.492537313,1.492537313,0,4.47761194,0,0,0,0,4.47761194
Vermiculite,Clay,1.388888889,0,27.77777778,13.88888889,38.19444444,0,0,0,7.638888889,0,1.388888889,0,0,9.722222222
Vermiculite,Clay,11.32075472,1.886792453,28.30188679,13.20754717,30.18867925,1.886792453,0,0,5.660377358,0,0,0,0,7.547169811
Vermiculite,Clay,5.392156863,1.470588235,28.43137255,13.23529412,33.33333333,1.470588235,0.980392157,0.490196078,7.352941176,0.980392157,0.980392157,0,0,5.882352941
Vermiculite,Clay,3.571428571,0.714285714,28.57142857,13.57142857,35,0.714285714,0.714285714,0,7.857142857,0.714285714,0.714285714,0,0,7.857142857
Vermiculite,Clay,5.072463768,0.724637681,28.98550725,13.76811594,34.05797101,0.724637681,0.724637681,0,7.246376812,0.724637681,0.724637681,0,0,7.246376812
Vermiculite,Clay,11.2244898,3.06122449,26.53061224,12.24489796,30.6122449,1.020408163,1.020408163,0,6.12244898,1.020408163,1.020408163,0,0,6.12244898
Vermiculite,Clay,7.954545455,1.136363636,28.40909091,13.63636364,32.95454545,1.136363636,0,0,6.818181818,0,1.136363636,0,0,6.818181818
Vermiculite,Clay,2.264150943,0.377358491,29.05660377,13.96226415,35.09433962,1.132075472,0.754716981,0.377358491,7.924528302,0.754716981,1.132075472,0,0,7.169811321
Vermiculite,Clay,7.936507937,1.587301587,24.6031746,12.6984127,32.53968254,1.587301587,0.793650794,0,6.349206349,0.793650794,0.793650794,0,0,10.31746032
Vermiculite,Clay,10.1010101,2.02020202,28.28282828,13.13131313,31.31313131,1.01010101,0,0,6.060606061,0,1.01010101,0,0,7.070707071
Vermiculite,Clay,13.48314607,1.123595506,26.96629213,12.35955056,29.21348315,1.123595506,0,0,7.865168539,0,1.123595506,0,0,6.741573034
Vermiculite,Clay,5,0,27.5,13.75,36.25,0,0,0,7.5,0,1.25,0,0,8.75
Vermiculite,Clay,12.30769231,1.538461538,24.61538462,12.30769231,29.23076923,1.538461538,0,0,7.692307692,1.538461538,1.538461538,0,0,7.692307692
Vermiculite,Clay,0,0,23.40425532,12.76595745,35.10638298,0,0,0,11.70212766,1.063829787,2.127659574,0,0,13.82978723
Vermiculite,Clay,0,0,23.40425532,12.76595745,35.10638298,0,0,0,11.70212766,1.063829787,2.127659574,0,0,13.82978723
Vermiculite,Clay,12.30769231,1.538461538,26.15384615,12.30769231,29.23076923,1.538461538,0,0,6.153846154,1.538461538,1.538461538,0,0,7.692307692
Vermiculite,Clay,13.28125,3.125,27.34375,12.5,28.90625,1.5625,0.78125,0,5.46875,0,0.78125,0,0,6.25
Vermiculite,Clay,9.89010989,2.197802198,26.37362637,13.18681319,30.76923077,1.098901099,1.098901099,0,6.593406593,1.098901099,1.098901099,0,0,6.593406593
Vermiculite,Clay,4.545454545,1.515151515,27.27272727,13.63636364,33.33333333,1.515151515,0,0,7.575757576,0,1.515151515,0,0,9.090909091
